{
  "bodyTypeName": "muscular",
  "url": "https://liberatedpixelcup.github.io/Universal-LPC-Spritesheet-Character-Generator/#?body=Body_color_fur_grey&head=Boarman_fur_grey&sex=muscular&shadow=Shadow_shadow&eye_color=Eye_Color_gray&expression=Closing_Eyes_fur_grey&wings=Bat_Wings_fur_grey&tail=Lizard_tail_fur_grey&ears=Dragon_Ears_fur_grey&horns=Curled_Horns_fur_grey",
  "spritesheets": "https://liberatedpixelcup.github.io/Universal-LPC-Spritesheet-Character-Generator/spritesheets/",
  "version": 1,
  "datetime": "17/4/2025, 14:20:23",
  "credits": [
    {
      "fileName": "shadow/adult/shadow.png",
      "licenses": "CC0",
      "authors": "drjamgo@hotmail.com",
      "urls": "https://opengameart.org/content/shadow-for-lpc-sprite",
      "notes": ""
    },
    {
      "fileName": "body/bodies/muscular/fur_grey.png",
      "licenses": "CC-BY-SA 3.0,GPL 3.0",
      "authors": "bluecarrot16,JaidynReiman,Evert,TheraHedwig,MuffinElZangano,Durrani,Sander Frenken (castelonia),Benjamin K. Smith (BenCreating),Eliza Wyatt (ElizaWy),dalonedrau,Stephen Challener (Redshrike)",
      "urls": "https://opengameart.org/content/liberated-pixel-cup-lpc-base-assets-sprites-map-tiles,https://opengameart.org/content/lpc-barbarian-sprite-base,https://opengameart.org/content/lpc-muscular-swing-animation,https://opengameart.org/content/lpc-muscular-hurt-animation,https://opengameart.org/content/lpc-jump-expanded,https://opengameart.org/content/lpc-revised-character-basics,https://opengameart.org/content/lpc-be-seated,https://opengameart.org/content/lpc-jump-expanded,https://opengameart.org/content/lpc-character-bases,https://opengameart.org/content/lpc-male-jumping-animation-by-durrani",
      "notes": "see details at https://opengameart.org/content/lpc-character-bases"
    },
    {
      "fileName": "body/wings/bat/adult/fg/fur_grey.png",
      "licenses": "OGA-BY 3.0",
      "authors": "ElizaWy,JaidynReiman",
      "urls": "https://opengameart.org/content/lpc-wings-new-animations",
      "notes": "Original by ElizaWy, added to most remaining frames by JaidynReiman"
    },
    {
      "fileName": "body/wings/bat/adult/bg/fur_grey.png",
      "licenses": "OGA-BY 3.0",
      "authors": "ElizaWy,JaidynReiman",
      "urls": "https://opengameart.org/content/lpc-wings-new-animations",
      "notes": "Original by ElizaWy, added to most remaining frames by JaidynReiman"
    },
    {
      "fileName": "body/tail/lizard/adult/fg/fur_grey.png",
      "licenses": "OGA-BY 3.0,CC-BY-SA 3.0,GPL 3.0",
      "authors": "Nila122,bluecarrot16,JaidynReiman",
      "urls": "https://opengameart.org/content/drakes-and-lizardfolk",
      "notes": "edited for v3 bases and recolored by bluecarrot16, additional animations added by JaidynReiman"
    },
    {
      "fileName": "body/tail/lizard/adult/bg/fur_grey.png",
      "licenses": "OGA-BY 3.0,CC-BY-SA 3.0,GPL 3.0",
      "authors": "Nila122,bluecarrot16,JaidynReiman",
      "urls": "https://opengameart.org/content/drakes-and-lizardfolk",
      "notes": "edited for v3 bases and recolored by bluecarrot16, additional animations added by JaidynReiman"
    },
    {
      "fileName": "head/heads/boarman/adult/fur_grey.png",
      "licenses": "CC-BY 3.0,GPL 2.0",
      "authors": "Benjamin K. Smith (BenCreating),Daniel Eddeland (daneeklu)",
      "urls": "https://opengameart.org/content/lpc-style-farm-animals,https://opengameart.org/content/lpc-wild-boar,https://opengameart.org/content/lpc-boarman",
      "notes": "pig by daneeklu adapted to boarman by BenCreating, placed to v3 bases by bluecarrot16"
    },
    {
      "fileName": "head/faces/${head}/closing/fur_grey.png",
      "licenses": "OGA-BY 3.0",
      "authors": "JaidynReiman,ElizaWy,Stephen Challener (Redshrike)",
      "urls": "https://github.com/ElizaWy/LPC/tree/main/Characters/Head,https://opengameart.org/content/ulpc-expanded-expressions",
      "notes": "Original by Redshrike, Expressions by ElizaWy, mapped to all frames by JaidynReiman"
    },
    {
      "fileName": "eyes/human/adult/${expression}/gray.png",
      "licenses": "OGA-BY 3.0,CC-BY-SA 3.0,GPL 3.0",
      "authors": "JaidynReiman,ElizaWy,Stephen Challener (Redshrike)",
      "urls": "https://opengameart.org/content/liberated-pixel-cup-lpc-base-assets-sprites-map-tiles,https://opengameart.org/content/lpc-medieval-fantasy-character-sprites",
      "notes": "original by Redshrike, Expressions by ElizaWy, eyes split from expressions and mapped to all frames by JaidynReiman"
    },
    {
      "fileName": "head/ears/dragon/adult/fur_grey.png",
      "licenses": "OGA-BY 3.0+,CC-BY 3.0+,GPL 3.0",
      "authors": "JaidynReiman",
      "urls": "https://opengameart.org/content/lpc-new-elven-ear-variants",
      "notes": ""
    },
    {
      "fileName": "head/horns/curled/adult/fur_grey.png",
      "licenses": "OGA-BY 3.0,GPL 3.0,CC-BY-SA 3.0",
      "authors": "Nila122",
      "urls": "https://opengameart.org/content/lpc-lizard-headgear",
      "notes": ""
    }
  ],
  "layers": [
    {
      "fileName": "shadow/adult/shadow.png",
      "zPos": 0,
      "parentName": "shadow",
      "name": "Shadow",
      "variant": "shadow",
      "supportedAnimations": "spellcast,thrust,walk,slash,shoot,hurt,watering"
    },
    {
      "fileName": "body/wings/bat/adult/bg/fur_grey.png",
      "zPos": 5,
      "parentName": "wings",
      "name": "Bat_Wings",
      "variant": "fur_grey",
      "supportedAnimations": "spellcast,thrust,walk,slash,shoot,hurt,watering,idle,jump,run,sit,emote,climb,combat,1h_slash,1h_backslash,1h_halfslash"
    },
    {
      "fileName": "body/tail/lizard/adult/bg/fur_grey.png",
      "zPos": 5,
      "parentName": "tail",
      "name": "Lizard_tail",
      "variant": "fur_grey",
      "supportedAnimations": "spellcast,thrust,walk,slash,shoot,hurt,watering,idle,jump,run,sit,emote,climb,combat,1h_slash,1h_backslash,1h_halfslash"
    },
    {
      "fileName": "body/bodies/muscular/fur_grey.png",
      "zPos": 10,
      "parentName": "body",
      "name": "Body_color",
      "variant": "fur_grey",
      "supportedAnimations": "spellcast,thrust,walk,slash,shoot,hurt,watering,idle,jump,run,sit,emote,climb,combat,1h_slash,1h_backslash,1h_halfslash"
    },
    {
      "fileName": "body/tail/lizard/adult/fg/fur_grey.png",
      "zPos": 85,
      "parentName": "tail",
      "name": "Lizard_tail",
      "variant": "fur_grey",
      "supportedAnimations": "spellcast,thrust,walk,slash,shoot,hurt,watering,idle,jump,run,sit,emote,climb,combat,1h_slash,1h_backslash,1h_halfslash"
    },
    {
      "fileName": "head/heads/boarman/adult/fur_grey.png",
      "zPos": 100,
      "parentName": "head",
      "name": "Boarman",
      "variant": "fur_grey",
      "supportedAnimations": "spellcast,thrust,walk,slash,shoot,hurt,watering,idle,jump,run,sit,emote,climb,combat,1h_slash,1h_backslash,1h_halfslash"
    },
    {
      "fileName": "head/faces/undefined/closing/fur_grey.png",
      "zPos": 101,
      "parentName": "expression",
      "name": "Closing_Eyes",
      "variant": "fur_grey",
      "supportedAnimations": "spellcast,thrust,walk,slash,shoot,hurt,watering,idle,jump,run,sit,emote,climb,combat,1h_slash,1h_backslash,1h_halfslash"
    },
    {
      "fileName": "body/wings/bat/adult/fg/fur_grey.png",
      "zPos": 105,
      "parentName": "wings",
      "name": "Bat_Wings",
      "variant": "fur_grey",
      "supportedAnimations": "spellcast,thrust,walk,slash,shoot,hurt,watering,idle,jump,run,sit,emote,climb,combat,1h_slash,1h_backslash,1h_halfslash"
    },
    {
      "fileName": "eyes/human/adult/closing/gray.png",
      "zPos": 105,
      "parentName": "eye_color",
      "name": "Eye_Color",
      "variant": "gray",
      "supportedAnimations": "spellcast,thrust,walk,slash,shoot,hurt,watering,idle,jump,run,sit,emote,climb,combat,1h_slash,1h_backslash,1h_halfslash"
    },
    {
      "fileName": "head/ears/dragon/adult/fur_grey.png",
      "zPos": 126,
      "parentName": "ears",
      "name": "Dragon_Ears",
      "variant": "fur_grey",
      "supportedAnimations": "spellcast,thrust,walk,slash,shoot,hurt,watering,idle,jump,run,sit,emote,climb,combat,1h_slash,1h_backslash,1h_halfslash"
    },
    {
      "fileName": "head/horns/curled/adult/fur_grey.png",
      "zPos": 126,
      "parentName": "horns",
      "name": "Curled_Horns",
      "variant": "fur_grey",
      "supportedAnimations": "spellcast,thrust,walk,slash,shoot,hurt,watering,idle,jump,run,sit,emote,climb,combat,1h_slash,1h_backslash,1h_halfslash"
    }
  ]
}