{
  "bodyTypeName": "muscular",
  "url": "https://liberatedpixelcup.github.io/Universal-LPC-Spritesheet-Character-Generator/#?body=Body_color_fur_black&head=Wolf_male_fur_black&sex=muscular&shadow=Shadow_shadow&tail=Fluffy_Wolf_Tail_black&furry_ears_skin=none_Wolf_Ears_Skintone&gloves=none_Gloves&necklace=Large_Beaded_Necklace_gold&charm=Ring_Charm_gold&shoulders=Plate_gold&bauldron=Bauldron_slate&weapon=S_staff_gold",
  "spritesheets": "https://liberatedpixelcup.github.io/Universal-LPC-Spritesheet-Character-Generator/spritesheets/",
  "version": 1,
  "datetime": "17/4/2025, 14:35:38",
  "credits": [
    {
      "fileName": "shadow/adult/shadow.png",
      "licenses": "CC0",
      "authors": "drjamgo@hotmail.com",
      "urls": "https://opengameart.org/content/shadow-for-lpc-sprite",
      "notes": ""
    },
    {
      "fileName": "body/bodies/muscular/fur_black.png",
      "licenses": "CC-BY-SA 3.0,GPL 3.0",
      "authors": "bluecarrot16,JaidynReiman,Evert,TheraHedwig,MuffinElZangano,Durrani,Sander Frenken (castelonia),Benjamin K. Smith (BenCreating),Eliza Wyatt (ElizaWy),dalonedrau,Stephen Challener (Redshrike)",
      "urls": "https://opengameart.org/content/liberated-pixel-cup-lpc-base-assets-sprites-map-tiles,https://opengameart.org/content/lpc-barbarian-sprite-base,https://opengameart.org/content/lpc-muscular-swing-animation,https://opengameart.org/content/lpc-muscular-hurt-animation,https://opengameart.org/content/lpc-jump-expanded,https://opengameart.org/content/lpc-revised-character-basics,https://opengameart.org/content/lpc-be-seated,https://opengameart.org/content/lpc-jump-expanded,https://opengameart.org/content/lpc-character-bases,https://opengameart.org/content/lpc-male-jumping-animation-by-durrani",
      "notes": "see details at https://opengameart.org/content/lpc-character-bases"
    },
    {
      "fileName": "body/tail/fluffy/adult/fg/black.png",
      "licenses": "OGA-BY 3.0+,CC-BY 3.0+,GPL 3.0",
      "authors": "JaidynReiman",
      "urls": "https://opengameart.org/content/lpc-furry-ears-tails-for-rpg-sprites",
      "notes": ""
    },
    {
      "fileName": "body/tail/fluffy/adult/bg/black.png",
      "licenses": "OGA-BY 3.0+,CC-BY 3.0+,GPL 3.0",
      "authors": "JaidynReiman",
      "urls": "https://opengameart.org/content/lpc-furry-ears-tails-for-rpg-sprites",
      "notes": ""
    },
    {
      "fileName": "head/heads/wolf/male/fur_black.png",
      "licenses": "CC-BY-SA 3.0,GPL 3.0",
      "authors": "bluecarrot16,Sander Frenken (castelonia),Benjamin K. Smith (BenCreating),William.Thompsonj,Stephen Challener (Redshrike)",
      "urls": "https://opengameart.org/content/liberated-pixel-cup-lpc-base-assets-sprites-map-tiles,https://opengameart.org/content/lpc-wolf-animation,https://opengameart.org/content/lpc-wolfman,https://opengameart.org/content/lpc-character-bases",
      "notes": "original wolf animation by Redshrike, commissioned by William.Thompsonj; wolfman sprite by BenCreating, commissioned by castelonia; tweaks and headless version by bluecarrot16"
    },
    {
      "fileName": "neck/necklace/beaded_large/male/gold.png",
      "licenses": "CC0",
      "authors": "bluecarrot16",
      "urls": "https://opengameart.org/content/lpc-jewelry",
      "notes": ""
    },
    {
      "fileName": "neck/charm/ring/male/gold.png",
      "licenses": "CC0",
      "authors": "bluecarrot16",
      "urls": "https://opengameart.org/content/lpc-jewelry",
      "notes": ""
    },
    {
      "fileName": "shoulders/plate/male/gold.png",
      "licenses": "OGA-BY 3.0,CC-BY-SA 3.0,GPL 3.0",
      "authors": "bluecarrot16,Johannes Sjölund (wulax)",
      "urls": "https://opengameart.org/content/lpc-medieval-fantasy-character-sprites,http://opengameart.org/content/lpc-clothing-updates",
      "notes": "recolors, adapted to v3 bases by bluecarrot16"
    },
    {
      "fileName": "bauldron/male/slate.png",
      "licenses": "GPL 2.0,GPL 3.0,OGA-BY 3.0,CC-BY-SA 3.0",
      "authors": "Nila122",
      "urls": "https://opengameart.org/content/more-lpc-clothes-and-hair",
      "notes": ""
    },
    {
      "fileName": "weapon/magic/s/universal/foreground/gold.png",
      "licenses": "CC0",
      "authors": "LordNeo,Michael Whitlock (bigbeargames),bluecarrot16",
      "urls": "https://opengameart.org/content/staff-64-x64,https://opengameart.org/content/lpc-magic-staff",
      "notes": "Wooden staff by LordNeo, first adapted to LPC by bigbeargames; re-drawn and walk animations added by bluecarrot16"
    },
    {
      "fileName": "weapon/magic/s/universal/background/gold.png",
      "licenses": "CC0",
      "authors": "LordNeo,Michael Whitlock (bigbeargames),bluecarrot16",
      "urls": "https://opengameart.org/content/staff-64-x64,https://opengameart.org/content/lpc-magic-staff",
      "notes": "Wooden staff by LordNeo, first adapted to LPC by bigbeargames; re-drawn and walk animations added by bluecarrot16"
    },
    {
      "fileName": "weapon/magic/s/thrust/foreground/gold.png",
      "licenses": "CC0",
      "authors": "LordNeo,Michael Whitlock (bigbeargames),bluecarrot16",
      "urls": "https://opengameart.org/content/staff-64-x64,https://opengameart.org/content/lpc-magic-staff",
      "notes": "Wooden staff by LordNeo, first adapted to LPC by bigbeargames; re-drawn and walk animations added by bluecarrot16"
    },
    {
      "fileName": "weapon/magic/s/thrust/background/gold.png",
      "licenses": "CC0",
      "authors": "LordNeo,Michael Whitlock (bigbeargames),bluecarrot16",
      "urls": "https://opengameart.org/content/staff-64-x64,https://opengameart.org/content/lpc-magic-staff",
      "notes": "Wooden staff by LordNeo, first adapted to LPC by bigbeargames; re-drawn and walk animations added by bluecarrot16"
    }
  ],
  "layers": [
    {
      "fileName": "weapon/magic/s/thrust/background/gold.png",
      "zPos": -1,
      "custom_animation": "thrust_oversize",
      "parentName": "weapon",
      "name": "S_staff",
      "variant": "gold",
      "supportedAnimations": "spellcast,thrust,walk,slash,shoot,hurt,watering"
    },
    {
      "fileName": "shadow/adult/shadow.png",
      "zPos": 0,
      "parentName": "shadow",
      "name": "Shadow",
      "variant": "shadow",
      "supportedAnimations": "spellcast,thrust,walk,slash,shoot,hurt,watering"
    },
    {
      "fileName": "body/tail/fluffy/adult/bg/black.png",
      "zPos": 5,
      "parentName": "tail",
      "name": "Fluffy_Wolf_Tail",
      "variant": "black",
      "supportedAnimations": "spellcast,thrust,walk,slash,shoot,hurt,watering,idle,jump,run,sit,emote,climb,combat,1h_slash,1h_backslash,1h_halfslash"
    },
    {
      "fileName": "weapon/magic/s/universal/background/gold.png",
      "zPos": 9,
      "parentName": "weapon",
      "name": "S_staff",
      "variant": "gold",
      "supportedAnimations": "spellcast,thrust,walk,slash,shoot,hurt,watering"
    },
    {
      "fileName": "body/bodies/muscular/fur_black.png",
      "zPos": 10,
      "parentName": "body",
      "name": "Body_color",
      "variant": "fur_black",
      "supportedAnimations": "spellcast,thrust,walk,slash,shoot,hurt,watering,idle,jump,run,sit,emote,climb,combat,1h_slash,1h_backslash,1h_halfslash"
    },
    {
      "fileName": "shoulders/plate/male/gold.png",
      "zPos": 65,
      "parentName": "shoulders",
      "name": "Plate",
      "variant": "gold",
      "supportedAnimations": "spellcast,thrust,walk,slash,shoot,hurt,watering"
    },
    {
      "fileName": "bauldron/male/slate.png",
      "zPos": 65,
      "parentName": "bauldron",
      "name": "Bauldron",
      "variant": "slate",
      "supportedAnimations": "spellcast,thrust,walk,slash,shoot,hurt,watering"
    },
    {
      "fileName": "neck/necklace/beaded_large/male/gold.png",
      "zPos": 80,
      "parentName": "necklace",
      "name": "Large_Beaded_Necklace",
      "variant": "gold",
      "supportedAnimations": "spellcast,thrust,walk,slash,shoot,hurt,watering"
    },
    {
      "fileName": "neck/charm/ring/male/gold.png",
      "zPos": 81,
      "parentName": "charm",
      "name": "Ring_Charm",
      "variant": "gold",
      "supportedAnimations": "spellcast,thrust,walk,slash,shoot,hurt,watering"
    },
    {
      "fileName": "head/heads/wolf/male/fur_black.png",
      "zPos": 100,
      "parentName": "head",
      "name": "Wolf_male",
      "variant": "fur_black",
      "supportedAnimations": "spellcast,thrust,walk,slash,shoot,hurt,watering,idle,jump,run,sit,emote,climb,combat,1h_slash,1h_backslash,1h_halfslash"
    },
    {
      "fileName": "body/tail/fluffy/adult/fg/black.png",
      "zPos": 125,
      "parentName": "tail",
      "name": "Fluffy_Wolf_Tail",
      "variant": "black",
      "supportedAnimations": "spellcast,thrust,walk,slash,shoot,hurt,watering,idle,jump,run,sit,emote,climb,combat,1h_slash,1h_backslash,1h_halfslash"
    },
    {
      "fileName": "weapon/magic/s/universal/foreground/gold.png",
      "zPos": 140,
      "parentName": "weapon",
      "name": "S_staff",
      "variant": "gold",
      "supportedAnimations": "spellcast,thrust,walk,slash,shoot,hurt,watering"
    },
    {
      "fileName": "weapon/magic/s/thrust/foreground/gold.png",
      "zPos": 150,
      "custom_animation": "thrust_oversize",
      "parentName": "weapon",
      "name": "S_staff",
      "variant": "gold",
      "supportedAnimations": "spellcast,thrust,walk,slash,shoot,hurt,watering"
    }
  ]
}