filename,notes,authors,licenses,urls
shadow/adult/shadow.png,"","drjamgo@hotmail.com","CC0","https://opengameart.org/content/shadow-for-lpc-sprite"
body/bodies/male/light.png,"see details at https://opengameart.org/content/lpc-character-bases; 'Thick' Male Revised Run/Climb by JaidynReiman (based on ElizaWy's LPC Revised)","bluecarrot16,JaidynReiman,Benjamin K. Smith (BenCreating),Evert,Eliza Wyatt (ElizaWy),TheraHedwig,MuffinElZangano,Durrani,Johannes Sjölund (wulax),Stephen Challener (Redshrike)","OGA-BY 3.0,CC-BY-SA 3.0,GPL 3.0","https://opengameart.org/content/liberated-pixel-cup-lpc-base-assets-sprites-map-tiles,https://opengameart.org/content/lpc-medieval-fantasy-character-sprites,https://opengameart.org/content/lpc-male-jumping-animation-by-durrani,https://opengameart.org/content/lpc-runcycle-and-diagonal-walkcycle,https://opengameart.org/content/lpc-revised-character-basics,https://opengameart.org/content/lpc-be-seated,https://opengameart.org/content/lpc-runcycle-for-male-muscular-and-pregnant-character-bases-with-modular-heads,https://opengameart.org/content/lpc-jump-expanded,https://opengameart.org/content/lpc-character-bases"
head/heads/human/male/light.png,"original head by Redshrike, tweaks by BenCreating, modular version by bluecarrot16","bluecarrot16,Benjamin K. Smith (BenCreating),Stephen Challener (Redshrike)","OGA-BY 3.0,CC-BY-SA 3.0,GPL 3.0","https://opengameart.org/content/liberated-pixel-cup-lpc-base-assets-sprites-map-tiles,https://opengameart.org/content/lpc-character-bases"
eyes/human/adult/${expression}/purple.png,"original by Redshrike, Expressions by ElizaWy, eyes split from expressions and mapped to all frames by JaidynReiman","JaidynReiman,ElizaWy,Stephen Challener (Redshrike)","OGA-BY 3.0,CC-BY-SA 3.0,GPL 3.0","https://opengameart.org/content/liberated-pixel-cup-lpc-base-assets-sprites-map-tiles,https://opengameart.org/content/lpc-medieval-fantasy-character-sprites"
eyes/eyebrows/thick/adult/gray.png,"","ElizaWy","OGA-BY 3.0","https://github.com/ElizaWy/LPC/tree/main/Characters/Hair,https://opengameart.org/content/lpc-expanded-sit-run-jump-more"
beards/mustache/horseshoe/dark_gray.png,"","ElizaWy","OGA-BY 3.0","https://github.com/ElizaWy/LPC/tree/main/Characters/Hair,https://opengameart.org/content/lpc-expanded-sit-run-jump-more"
hair/long_messy2/male/strawberry.png,"(shura)","Yamilian,bluecarrot16","CC-BY-SA 3.0,GPL 3.0","https://opengameart.org/content/lpc-heroine-2,https://opengameart.org/content/lpc-hair"
facial/monocle/right/adult/brass.png,"","bluecarrot16,Thane Brimhall (pennomi),laetissima","CC-BY-SA 3.0,GPL 3.0","https://opengameart.org/content/clothing-facial-features-and-ui-elements,https://opengameart.org/content/lpc-gentleman,https://opengameart.org/content/lpc-expanded-hats-facial-helmets"
arms/gloves/male/iron.png,"metal gloves by wulax, recolors by bigbeargames, adapted to v3 bases by bluecarrot16, added to expanded animations by JaidynReiman","Michael Whitlock (bigbeargames),Matthew Krohn (makrohn),Johannes Sjölund (wulax),bluecarrot16,JaidynReiman","OGA-BY 3.0,CC-BY-SA 3.0,GPL 3.0","https://opengameart.org/content/lpc-medieval-fantasy-character-sprites,http://opengameart.org/content/lpc-clothing-updates"
torso/clothes/longsleeve/formal/male/white.png,"","bluecarrot16,Thane Brimhall (pennomi),laetissima,Stephen Challener (Redshrike),Johannes Sjölund (wulax)","CC-BY-SA 3.0,GPL 3.0","https://opengameart.org/content/lpc-medieval-fantasy-character-sprites,https://opengameart.org/content/lpc-2-characters,https://opengameart.org/content/lpc-gentleman"
torso/jacket/collared/male/black.png,"","bluecarrot16","CC-BY-SA 3.0,GPL 3.0","https://opengameart.org/content/lpc-gentleman,https://opengameart.org/content/lpc-pirates"
legs/pants2/male/white.png,"original overalls by ElizaWy, base animations adapted from v3 overalls by bluecarrot16, pants by JaidynReiman","JaidynReiman,ElizaWy,Bluecarrot16,Johannes Sjölund (wulax),Stephen Challener (Redshrike)","OGA-BY 3.0,GPL 3.0","https://github.com/ElizaWy/LPC/tree/main/Characters/Clothing,https://opengameart.org/content/lpc-expanded-sit-run-jump-more,https://opengameart.org/content/lpc-expanded-pants"
feet/boots/revised/male/black.png,"original overalls and boots by ElizaWy, base animations adapted from v3 overalls by bluecarrot16, boots by JaidynReiman","JaidynReiman,ElizaWy,Bluecarrot16,Stephen Challener (Redshrike),Johannes Sjölund (wulax)","OGA-BY 3.0,GPL 3.0","https://github.com/ElizaWy/LPC/tree/main/Characters/Clothing,https://opengameart.org/content/lpc-expanded-socks-shoes"
weapon/magic/loop/universal/foreground/red.png,"","bluecarrot16","OGA-BY 3.0+,GPL 3.0,CC-BY 4.0","https://opengameart.org/content/lpc-more-weapons"
weapon/magic/loop/universal/background/red.png,"","bluecarrot16","OGA-BY 3.0+,GPL 3.0,CC-BY 4.0","https://opengameart.org/content/lpc-more-weapons"
weapon/magic/loop/thrust/foreground/red.png,"","bluecarrot16","OGA-BY 3.0+,GPL 3.0,CC-BY 4.0","https://opengameart.org/content/lpc-more-weapons"
weapon/magic/loop/thrust/background/red.png,"","bluecarrot16","OGA-BY 3.0+,GPL 3.0,CC-BY 4.0","https://opengameart.org/content/lpc-more-weapons"
