{
  "bodyTypeName": "male",
  "url": "https://liberatedpixelcup.github.io/Universal-LPC-Spritesheet-Character-Generator/#?body=Body_color_light&head=Human_male_light&shadow=Shadow_shadow&eye_color=Eye_Color_brown&eyebrows=Thick_Eyebrows_dark_brown&expression=Neutral_light&beard=Trimmed_Beard_dark_brown&mustache=Mustache_dark_brown&gloves=Gloves_walnut&wrists=Cuffs_walnut&bauldron=none_Bauldron&clothes=Longsleeve_maroon&legs=Long_Pants_navy&jacket=none_Collared_coat&belt=Loose_Belt_tan&sash_tie=Obi_Knot_Left_leather&hair=Bedhead_black&hat=Bonnie_Alt_Tilt_brown&shoes=Revised_Boots_leather&weapon=Whip_whip",
  "spritesheets": "https://liberatedpixelcup.github.io/Universal-LPC-Spritesheet-Character-Generator/spritesheets/",
  "version": 1,
  "datetime": "21/4/2025, 23:18:21",
  "credits": [
    {
      "fileName": "shadow/adult/shadow.png",
      "licenses": "CC0",
      "authors": "drjamgo@hotmail.com",
      "urls": "https://opengameart.org/content/shadow-for-lpc-sprite",
      "notes": ""
    },
    {
      "fileName": "body/bodies/male/light.png",
      "licenses": "OGA-BY 3.0,CC-BY-SA 3.0,GPL 3.0",
      "authors": "bluecarrot16,JaidynReiman,Benjamin K. Smith (BenCreating),Evert,Eliza Wyatt (ElizaWy),TheraHedwig,MuffinElZangano,Durrani,Johannes Sjölund (wulax),Stephen Challener (Redshrike)",
      "urls": "https://opengameart.org/content/liberated-pixel-cup-lpc-base-assets-sprites-map-tiles,https://opengameart.org/content/lpc-medieval-fantasy-character-sprites,https://opengameart.org/content/lpc-male-jumping-animation-by-durrani,https://opengameart.org/content/lpc-runcycle-and-diagonal-walkcycle,https://opengameart.org/content/lpc-revised-character-basics,https://opengameart.org/content/lpc-be-seated,https://opengameart.org/content/lpc-runcycle-for-male-muscular-and-pregnant-character-bases-with-modular-heads,https://opengameart.org/content/lpc-jump-expanded,https://opengameart.org/content/lpc-character-bases",
      "notes": "see details at https://opengameart.org/content/lpc-character-bases; 'Thick' Male Revised Run/Climb by JaidynReiman (based on ElizaWy's LPC Revised)"
    },
    {
      "fileName": "head/heads/human/male/light.png",
      "licenses": "OGA-BY 3.0,CC-BY-SA 3.0,GPL 3.0",
      "authors": "bluecarrot16,Benjamin K. Smith (BenCreating),Stephen Challener (Redshrike)",
      "urls": "https://opengameart.org/content/liberated-pixel-cup-lpc-base-assets-sprites-map-tiles,https://opengameart.org/content/lpc-character-bases",
      "notes": "original head by Redshrike, tweaks by BenCreating, modular version by bluecarrot16"
    },
    {
      "fileName": "head/faces/${head}/neutral/light.png",
      "licenses": "OGA-BY 3.0",
      "authors": "JaidynReiman,ElizaWy,Stephen Challener (Redshrike)",
      "urls": "https://github.com/ElizaWy/LPC/tree/main/Characters/Head,https://opengameart.org/content/ulpc-expanded-expressions",
      "notes": "Original by Redshrike, Expressions by ElizaWy, mapped to all frames by JaidynReiman"
    },
    {
      "fileName": "eyes/human/adult/${expression}/brown.png",
      "licenses": "OGA-BY 3.0,CC-BY-SA 3.0,GPL 3.0",
      "authors": "JaidynReiman,ElizaWy,Stephen Challener (Redshrike)",
      "urls": "https://opengameart.org/content/liberated-pixel-cup-lpc-base-assets-sprites-map-tiles,https://opengameart.org/content/lpc-medieval-fantasy-character-sprites",
      "notes": "original by Redshrike, Expressions by ElizaWy, eyes split from expressions and mapped to all frames by JaidynReiman"
    },
    {
      "fileName": "eyes/eyebrows/thick/adult/dark_brown.png",
      "licenses": "OGA-BY 3.0",
      "authors": "ElizaWy",
      "urls": "https://github.com/ElizaWy/LPC/tree/main/Characters/Hair,https://opengameart.org/content/lpc-expanded-sit-run-jump-more",
      "notes": ""
    },
    {
      "fileName": "beards/beard/trimmed/dark_brown.png",
      "licenses": "OGA-BY 3.0",
      "authors": "ElizaWy",
      "urls": "https://github.com/ElizaWy/LPC/tree/main/Characters/Hair,https://opengameart.org/content/lpc-expanded-sit-run-jump-more",
      "notes": ""
    },
    {
      "fileName": "beards/mustache/basic/dark_brown.png",
      "licenses": "CC-BY-SA 3.0,GPL 3.0",
      "authors": "JaidynReiman,Carlo Enrico Victoria (Nemisys)",
      "urls": "https://opengameart.org/content/lpc-brunet-mustache",
      "notes": "Original by Nemisys, repositioning by JaidynReiman."
    },
    {
      "fileName": "hair/bedhead/male/black.png",
      "licenses": "CC-BY-SA 3.0,GPL 3.0",
      "authors": "Manuel Riecke (MrBeast)",
      "urls": "https://opengameart.org/content/liberated-pixel-cup-lpc-base-assets-sprites-map-tiles",
      "notes": ""
    },
    {
      "fileName": "hat/pirate/bonnie/tilt/adult/brown.png",
      "licenses": "OGA-BY 3.0",
      "authors": "bluecarrot16,JaidynReiman",
      "urls": "https://opengameart.org/content/lpc-pirates,https://opengameart.org/content/lpc-expanded-hats-facial-helmets",
      "notes": "Bonnie Hat by Bluecarrot16, layers and added animations by JaidynReiman"
    },
    {
      "fileName": "wrists/cuffs/male/walnut.png",
      "licenses": "OGA-BY 3.0",
      "authors": "bluecarrot16",
      "urls": "https://opengameart.org/content/lpc-pirates",
      "notes": ""
    },
    {
      "fileName": "arms/gloves/male/walnut.png",
      "licenses": "OGA-BY 3.0,CC-BY-SA 3.0,GPL 3.0",
      "authors": "Michael Whitlock (bigbeargames),Matthew Krohn (makrohn),Johannes Sjölund (wulax),bluecarrot16,JaidynReiman",
      "urls": "https://opengameart.org/content/lpc-medieval-fantasy-character-sprites,http://opengameart.org/content/lpc-clothing-updates",
      "notes": "metal gloves by wulax, recolors by bigbeargames, adapted to v3 bases by bluecarrot16, added to expanded animations by JaidynReiman"
    },
    {
      "fileName": "torso/clothes/longsleeve/longsleeve/male/maroon.png",
      "licenses": "OGA-BY 3.0,CC-BY-SA 3.0,GPL 3.0",
      "authors": "JaidynReiman,Johannes Sjölund (wulax)",
      "urls": "https://opengameart.org/content/lpc-medieval-fantasy-character-sprites,http://opengameart.org/content/lpc-clothing-updates",
      "notes": "original by wulax, recolors and cleanup by JaidynReiman, further recolors by bluecarrot16"
    },
    {
      "fileName": "torso/waist/belt_loose/male/tan.png",
      "licenses": "OGA-BY 3.0,CC-BY-SA 3.0,GPL 3.0",
      "authors": "bluecarrot16,Johannes Sjölund (wulax),Matthew Krohn (makrohn)",
      "urls": "https://opengameart.org/content/lpc-combat-armor-for-women,https://opengameart.org/content/lpc-pirates",
      "notes": ""
    },
    {
      "fileName": "torso/waist/obi/knot/left/male/leather.png",
      "licenses": "OGA-BY 3.0+,CC-BY 3.0+,GPL 3.0",
      "authors": "JaidynReiman",
      "urls": "https://opengameart.org/content/lpc-kimono-relm",
      "notes": ""
    },
    {
      "fileName": "legs/pants2/male/navy.png",
      "licenses": "OGA-BY 3.0,GPL 3.0",
      "authors": "JaidynReiman,ElizaWy,Bluecarrot16,Johannes Sjölund (wulax),Stephen Challener (Redshrike)",
      "urls": "https://github.com/ElizaWy/LPC/tree/main/Characters/Clothing,https://opengameart.org/content/lpc-expanded-sit-run-jump-more,https://opengameart.org/content/lpc-expanded-pants",
      "notes": "original overalls by ElizaWy, base animations adapted from v3 overalls by bluecarrot16, pants by JaidynReiman"
    },
    {
      "fileName": "feet/boots/revised/male/leather.png",
      "licenses": "OGA-BY 3.0,GPL 3.0",
      "authors": "JaidynReiman,ElizaWy,Bluecarrot16,Stephen Challener (Redshrike),Johannes Sjölund (wulax)",
      "urls": "https://github.com/ElizaWy/LPC/tree/main/Characters/Clothing,https://opengameart.org/content/lpc-expanded-socks-shoes",
      "notes": "original overalls and boots by ElizaWy, base animations adapted from v3 overalls by bluecarrot16, boots by JaidynReiman"
    },
    {
      "fileName": "tools/whip/background/whip.png",
      "licenses": "OGA-BY 3.0+,GPL 3.0,CC-BY 4.0",
      "authors": "bluecarrot16",
      "urls": "https://opengameart.org/content/lpc-more-weapons",
      "notes": ""
    },
    {
      "fileName": "tools/whip/whip.png",
      "licenses": "OGA-BY 3.0+,GPL 3.0,CC-BY 4.0",
      "authors": "bluecarrot16",
      "urls": "https://opengameart.org/content/lpc-more-weapons",
      "notes": ""
    }
  ],
  "layers": [
    {
      "fileName": "shadow/adult/shadow.png",
      "zPos": 0,
      "parentName": "shadow",
      "name": "Shadow",
      "variant": "shadow",
      "supportedAnimations": "spellcast,thrust,walk,slash,shoot,hurt,watering"
    },
    {
      "fileName": "tools/whip/background/whip.png",
      "zPos": 9,
      "custom_animation": "tool_whip",
      "parentName": "weapon",
      "name": "Whip",
      "variant": "whip",
      "supportedAnimations": "spellcast,thrust,walk,slash,shoot,hurt,watering"
    },
    {
      "fileName": "body/bodies/male/light.png",
      "zPos": 10,
      "parentName": "body",
      "name": "Body_color",
      "variant": "light",
      "supportedAnimations": "spellcast,thrust,walk,slash,shoot,hurt,watering,idle,jump,run,sit,emote,climb,combat,1h_slash,1h_backslash,1h_halfslash"
    },
    {
      "fileName": "legs/pants2/male/navy.png",
      "zPos": 20,
      "parentName": "legs",
      "name": "Long_Pants",
      "variant": "navy",
      "supportedAnimations": "spellcast,thrust,walk,slash,shoot,hurt,watering,idle,jump,run,sit,emote,climb,combat,1h_slash,1h_backslash,1h_halfslash"
    },
    {
      "fileName": "feet/boots/revised/male/leather.png",
      "zPos": 25,
      "parentName": "shoes",
      "name": "Revised_Boots",
      "variant": "leather",
      "supportedAnimations": "spellcast,thrust,walk,slash,shoot,hurt,watering,idle,jump,run,sit,emote,climb,combat,1h_slash,1h_backslash,1h_halfslash"
    },
    {
      "fileName": "torso/clothes/longsleeve/longsleeve/male/maroon.png",
      "zPos": 35,
      "parentName": "clothes",
      "name": "Longsleeve",
      "variant": "maroon",
      "supportedAnimations": "spellcast,thrust,walk,slash,shoot,hurt,watering"
    },
    {
      "fileName": "torso/waist/obi/knot/left/male/leather.png",
      "zPos": 66,
      "parentName": "sash_tie",
      "name": "Obi_Knot_Left",
      "variant": "leather",
      "supportedAnimations": "spellcast,thrust,walk,slash,shoot,hurt,watering,idle,jump,run,sit,emote,climb,combat,1h_slash,1h_backslash,1h_halfslash"
    },
    {
      "fileName": "wrists/cuffs/male/walnut.png",
      "zPos": 70,
      "parentName": "wrists",
      "name": "Cuffs",
      "variant": "walnut",
      "supportedAnimations": "spellcast,thrust,walk,slash,shoot,hurt,watering"
    },
    {
      "fileName": "arms/gloves/male/walnut.png",
      "zPos": 70,
      "parentName": "gloves",
      "name": "Gloves",
      "variant": "walnut",
      "supportedAnimations": "spellcast,thrust,walk,slash,shoot,hurt,watering,idle,jump,run,sit,emote,climb,combat,1h_slash,1h_backslash,1h_halfslash"
    },
    {
      "fileName": "torso/waist/belt_loose/male/tan.png",
      "zPos": 70,
      "parentName": "belt",
      "name": "Loose_Belt",
      "variant": "tan",
      "supportedAnimations": "spellcast,thrust,walk,slash,shoot,hurt,watering"
    },
    {
      "fileName": "head/heads/human/male/light.png",
      "zPos": 100,
      "parentName": "head",
      "name": "Human_male",
      "variant": "light",
      "supportedAnimations": "spellcast,thrust,walk,slash,shoot,hurt,watering,idle,jump,run,sit,emote,climb,combat,1h_slash,1h_backslash,1h_halfslash"
    },
    {
      "fileName": "head/faces/male/neutral/light.png",
      "zPos": 101,
      "parentName": "expression",
      "name": "Neutral",
      "variant": "light",
      "supportedAnimations": "spellcast,thrust,walk,slash,shoot,hurt,watering,idle,jump,run,sit,emote,climb,combat,1h_slash,1h_backslash,1h_halfslash"
    },
    {
      "fileName": "eyes/human/adult/neutral/brown.png",
      "zPos": 105,
      "parentName": "eye_color",
      "name": "Eye_Color",
      "variant": "brown",
      "supportedAnimations": "spellcast,thrust,walk,slash,shoot,hurt,watering,idle,jump,run,sit,emote,climb,combat,1h_slash,1h_backslash,1h_halfslash"
    },
    {
      "fileName": "eyes/eyebrows/thick/adult/dark_brown.png",
      "zPos": 106,
      "parentName": "eyebrows",
      "name": "Thick_Eyebrows",
      "variant": "dark brown",
      "supportedAnimations": "spellcast,thrust,walk,slash,shoot,hurt,watering,idle,jump,run,sit,emote,climb,combat,1h_slash,1h_backslash,1h_halfslash"
    },
    {
      "fileName": "beards/beard/trimmed/dark_brown.png",
      "zPos": 110,
      "parentName": "beard",
      "name": "Trimmed_Beard",
      "variant": "dark brown",
      "supportedAnimations": "spellcast,thrust,walk,slash,shoot,hurt,watering,idle,jump,run,sit,emote,climb,combat,1h_slash,1h_backslash,1h_halfslash"
    },
    {
      "fileName": "beards/mustache/basic/dark_brown.png",
      "zPos": 111,
      "parentName": "mustache",
      "name": "Mustache",
      "variant": "dark brown",
      "supportedAnimations": "spellcast,thrust,walk,slash,shoot,hurt,watering,idle,jump,run,sit,emote,climb,combat,1h_slash,1h_backslash,1h_halfslash"
    },
    {
      "fileName": "hair/bedhead/male/black.png",
      "zPos": 120,
      "parentName": "hair",
      "name": "Bedhead",
      "variant": "black",
      "supportedAnimations": "spellcast,thrust,walk,slash,shoot,hurt,watering"
    },
    {
      "fileName": "hat/pirate/bonnie/tilt/adult/brown.png",
      "zPos": 130,
      "parentName": "hat",
      "name": "Bonnie_Alt_Tilt",
      "variant": "brown",
      "supportedAnimations": "spellcast,thrust,walk,slash,shoot,hurt,watering,idle,jump,run,sit,emote,climb,combat,1h_slash,1h_backslash,1h_halfslash"
    },
    {
      "fileName": "tools/whip/whip.png",
      "zPos": 150,
      "custom_animation": "tool_whip",
      "parentName": "weapon",
      "name": "Whip",
      "variant": "whip",
      "supportedAnimations": "spellcast,thrust,walk,slash,shoot,hurt,watering"
    }
  ]
}