filename,notes,authors,licenses,urls
shadow/adult/shadow.png,"","drjamgo@hotmail.com","CC0","https://opengameart.org/content/shadow-for-lpc-sprite"
body/bodies/male/light.png,"see details at https://opengameart.org/content/lpc-character-bases; 'Thick' Male Revised Run/Climb by JaidynReiman (based on ElizaWy's LPC Revised)","bluecarrot16,JaidynReiman,Benjamin K. Smith (BenCreating),Evert,Eliza Wyatt (ElizaWy),TheraHedwig,MuffinElZangano,Durrani,Johannes Sjölund (wulax),Stephen Challener (Redshrike)","OGA-BY 3.0,CC-BY-SA 3.0,GPL 3.0","https://opengameart.org/content/liberated-pixel-cup-lpc-base-assets-sprites-map-tiles,https://opengameart.org/content/lpc-medieval-fantasy-character-sprites,https://opengameart.org/content/lpc-male-jumping-animation-by-durrani,https://opengameart.org/content/lpc-runcycle-and-diagonal-walkcycle,https://opengameart.org/content/lpc-revised-character-basics,https://opengameart.org/content/lpc-be-seated,https://opengameart.org/content/lpc-runcycle-for-male-muscular-and-pregnant-character-bases-with-modular-heads,https://opengameart.org/content/lpc-jump-expanded,https://opengameart.org/content/lpc-character-bases"
head/heads/human/male/light.png,"original head by Redshrike, tweaks by BenCreating, modular version by bluecarrot16","bluecarrot16,Benjamin K. Smith (BenCreating),Stephen Challener (Redshrike)","OGA-BY 3.0,CC-BY-SA 3.0,GPL 3.0","https://opengameart.org/content/liberated-pixel-cup-lpc-base-assets-sprites-map-tiles,https://opengameart.org/content/lpc-character-bases"
head/faces/${head}/neutral/light.png,"Original by Redshrike, Expressions by ElizaWy, mapped to all frames by JaidynReiman","JaidynReiman,ElizaWy,Stephen Challener (Redshrike)","OGA-BY 3.0","https://github.com/ElizaWy/LPC/tree/main/Characters/Head,https://opengameart.org/content/ulpc-expanded-expressions"
eyes/human/adult/${expression}/brown.png,"original by Redshrike, Expressions by ElizaWy, eyes split from expressions and mapped to all frames by JaidynReiman","JaidynReiman,ElizaWy,Stephen Challener (Redshrike)","OGA-BY 3.0,CC-BY-SA 3.0,GPL 3.0","https://opengameart.org/content/liberated-pixel-cup-lpc-base-assets-sprites-map-tiles,https://opengameart.org/content/lpc-medieval-fantasy-character-sprites"
eyes/eyebrows/thick/adult/dark_brown.png,"","ElizaWy","OGA-BY 3.0","https://github.com/ElizaWy/LPC/tree/main/Characters/Hair,https://opengameart.org/content/lpc-expanded-sit-run-jump-more"
beards/beard/trimmed/dark_brown.png,"","ElizaWy","OGA-BY 3.0","https://github.com/ElizaWy/LPC/tree/main/Characters/Hair,https://opengameart.org/content/lpc-expanded-sit-run-jump-more"
beards/mustache/basic/dark_brown.png,"Original by Nemisys, repositioning by JaidynReiman.","JaidynReiman,Carlo Enrico Victoria (Nemisys)","CC-BY-SA 3.0,GPL 3.0","https://opengameart.org/content/lpc-brunet-mustache"
hair/bedhead/male/black.png,"","Manuel Riecke (MrBeast)","CC-BY-SA 3.0,GPL 3.0","https://opengameart.org/content/liberated-pixel-cup-lpc-base-assets-sprites-map-tiles"
hat/pirate/bonnie/tilt/adult/brown.png,"Bonnie Hat by Bluecarrot16, layers and added animations by JaidynReiman","bluecarrot16,JaidynReiman","OGA-BY 3.0","https://opengameart.org/content/lpc-pirates,https://opengameart.org/content/lpc-expanded-hats-facial-helmets"
wrists/cuffs/male/walnut.png,"","bluecarrot16","OGA-BY 3.0","https://opengameart.org/content/lpc-pirates"
arms/gloves/male/walnut.png,"metal gloves by wulax, recolors by bigbeargames, adapted to v3 bases by bluecarrot16, added to expanded animations by JaidynReiman","Michael Whitlock (bigbeargames),Matthew Krohn (makrohn),Johannes Sjölund (wulax),bluecarrot16,JaidynReiman","OGA-BY 3.0,CC-BY-SA 3.0,GPL 3.0","https://opengameart.org/content/lpc-medieval-fantasy-character-sprites,http://opengameart.org/content/lpc-clothing-updates"
torso/clothes/longsleeve/longsleeve/male/maroon.png,"original by wulax, recolors and cleanup by JaidynReiman, further recolors by bluecarrot16","JaidynReiman,Johannes Sjölund (wulax)","OGA-BY 3.0,CC-BY-SA 3.0,GPL 3.0","https://opengameart.org/content/lpc-medieval-fantasy-character-sprites,http://opengameart.org/content/lpc-clothing-updates"
torso/waist/belt_loose/male/tan.png,"","bluecarrot16,Johannes Sjölund (wulax),Matthew Krohn (makrohn)","OGA-BY 3.0,CC-BY-SA 3.0,GPL 3.0","https://opengameart.org/content/lpc-combat-armor-for-women,https://opengameart.org/content/lpc-pirates"
torso/waist/obi/knot/left/male/leather.png,"","JaidynReiman","OGA-BY 3.0+,CC-BY 3.0+,GPL 3.0","https://opengameart.org/content/lpc-kimono-relm"
legs/pants2/male/navy.png,"original overalls by ElizaWy, base animations adapted from v3 overalls by bluecarrot16, pants by JaidynReiman","JaidynReiman,ElizaWy,Bluecarrot16,Johannes Sjölund (wulax),Stephen Challener (Redshrike)","OGA-BY 3.0,GPL 3.0","https://github.com/ElizaWy/LPC/tree/main/Characters/Clothing,https://opengameart.org/content/lpc-expanded-sit-run-jump-more,https://opengameart.org/content/lpc-expanded-pants"
feet/boots/revised/male/leather.png,"original overalls and boots by ElizaWy, base animations adapted from v3 overalls by bluecarrot16, boots by JaidynReiman","JaidynReiman,ElizaWy,Bluecarrot16,Stephen Challener (Redshrike),Johannes Sjölund (wulax)","OGA-BY 3.0,GPL 3.0","https://github.com/ElizaWy/LPC/tree/main/Characters/Clothing,https://opengameart.org/content/lpc-expanded-socks-shoes"
tools/whip/background/whip.png,"","bluecarrot16","OGA-BY 3.0+,GPL 3.0,CC-BY 4.0","https://opengameart.org/content/lpc-more-weapons"
tools/whip/whip.png,"","bluecarrot16","OGA-BY 3.0+,GPL 3.0,CC-BY 4.0","https://opengameart.org/content/lpc-more-weapons"
