{
  "bodyTypeName": "male",
  "url": "https://liberatedpixelcup.github.io/Universal-LPC-Spritesheet-Character-Generator/#?body=Body_color_light&head=Human_male_light&shadow=Shadow_shadow&wound_mouth=none_Mouth&beard=Winter_Beard_white&hair=Long_straight_ashplatinum&hat=Celestial_Wizard_Hat_sky&shoulders=Mantal_sky&clothes=Longsleeve_sky&jacket=Tabard_sky&vest=Vest_open_sky&cape=Solid_sky&legs=Hose_sky&shoes=none_Basic_Boots&weapon=Simple_staff_simple&weapon_magic_crystal=none_Crystal",
  "spritesheets": "https://liberatedpixelcup.github.io/Universal-LPC-Spritesheet-Character-Generator/spritesheets/",
  "version": 1,
  "datetime": "17/4/2025, 15:18:56",
  "credits": [
    {
      "fileName": "shadow/adult/shadow.png",
      "licenses": "CC0",
      "authors": "drjamgo@hotmail.com",
      "urls": "https://opengameart.org/content/shadow-for-lpc-sprite",
      "notes": ""
    },
    {
      "fileName": "body/bodies/male/light.png",
      "licenses": "OGA-BY 3.0,CC-BY-SA 3.0,GPL 3.0",
      "authors": "bluecarrot16,JaidynReiman,Benjamin K. Smith (BenCreating),Evert,Eliza Wyatt (ElizaWy),TheraHedwig,MuffinElZangano,Durrani,Johannes Sjölund (wulax),Stephen Challener (Redshrike)",
      "urls": "https://opengameart.org/content/liberated-pixel-cup-lpc-base-assets-sprites-map-tiles,https://opengameart.org/content/lpc-medieval-fantasy-character-sprites,https://opengameart.org/content/lpc-male-jumping-animation-by-durrani,https://opengameart.org/content/lpc-runcycle-and-diagonal-walkcycle,https://opengameart.org/content/lpc-revised-character-basics,https://opengameart.org/content/lpc-be-seated,https://opengameart.org/content/lpc-runcycle-for-male-muscular-and-pregnant-character-bases-with-modular-heads,https://opengameart.org/content/lpc-jump-expanded,https://opengameart.org/content/lpc-character-bases",
      "notes": "see details at https://opengameart.org/content/lpc-character-bases; 'Thick' Male Revised Run/Climb by JaidynReiman (based on ElizaWy's LPC Revised)"
    },
    {
      "fileName": "head/heads/human/male/light.png",
      "licenses": "OGA-BY 3.0,CC-BY-SA 3.0,GPL 3.0",
      "authors": "bluecarrot16,Benjamin K. Smith (BenCreating),Stephen Challener (Redshrike)",
      "urls": "https://opengameart.org/content/liberated-pixel-cup-lpc-base-assets-sprites-map-tiles,https://opengameart.org/content/lpc-character-bases",
      "notes": "original head by Redshrike, tweaks by BenCreating, modular version by bluecarrot16"
    },
    {
      "fileName": "beards/beard/winter/male/white.png",
      "licenses": "CC0",
      "authors": "bluecarrot16",
      "urls": "https://opengameart.org/content/lpc-santa",
      "notes": ""
    },
    {
      "fileName": "hair/long_straight/male/ashplatinum.png",
      "licenses": "CC0",
      "authors": "thecilekli,bluecarrot16",
      "urls": "https://opengameart.org/content/lpc-long-straight-hair-with-12-colors,https://opengameart.org/content/lpc-hair",
      "notes": ""
    },
    {
      "fileName": "hat/magic/celestial/adult/sky.png",
      "licenses": "CC-BY 3.0",
      "authors": "Napsio,Michael Whitlock (bigbeargames),Tracy",
      "urls": "https://opengameart.org/content/lpc-celestial-wizard-hats,https://opengameart.org/content/lpc-expanded-hats-facial-helmets",
      "notes": "Original by Tracy, Adapted to ULPC by Big Bear Games, reduced colors by Napsio"
    },
    {
      "fileName": "shoulders/mantal/male/sky.png",
      "licenses": "CC-BY-SA 3.0",
      "authors": "bluecarrot16",
      "urls": "https://opengameart.org/content/lpc-pirates",
      "notes": ""
    },
    {
      "fileName": "torso/clothes/longsleeve/longsleeve/male/sky.png",
      "licenses": "OGA-BY 3.0,CC-BY-SA 3.0,GPL 3.0",
      "authors": "JaidynReiman,Johannes Sjölund (wulax)",
      "urls": "https://opengameart.org/content/lpc-medieval-fantasy-character-sprites,http://opengameart.org/content/lpc-clothing-updates",
      "notes": "original by wulax, recolors and cleanup by JaidynReiman, further recolors by bluecarrot16"
    },
    {
      "fileName": "torso/jacket/tabard/male/sky.png",
      "licenses": "OGA-BY 3.0,CC-BY-SA 3.0,GPL 3.0",
      "authors": "bluecarrot16,Johannes Sjölund (wulax)",
      "urls": "https://opengameart.org/content/lpc-medieval-fantasy-character-sprites,http://opengameart.org/content/lpc-clothing-updates",
      "notes": "original by wulax, edited to v3 base by bluecarrot16"
    },
    {
      "fileName": "torso/clothes/vest_open/male/sky.png",
      "licenses": "CC-BY-SA 3.0,GPL 3.0",
      "authors": "bluecarrot16,Thane Brimhall (pennomi),laetissima",
      "urls": "https://opengameart.org/content/lpc-2-characters,https://opengameart.org/content/lpc-gentleman,https://opengameart.org/content/lpc-pirates",
      "notes": ""
    },
    {
      "fileName": "cape/solid/female/sky.png",
      "licenses": "OGA-BY 3.0,CC-BY-SA 3.0,GPL 3.0",
      "authors": "bluecarrot16,JaidynReiman",
      "urls": "https://opengameart.org/content/lpc-curly-hair-elven-ears-white-cape-with-blue-trim-and-more,https://opengameart.org/content/lpc-roman-armor,http://opengameart.org/content/lpc-clothing-updates",
      "notes": ""
    },
    {
      "fileName": "cape/solid_behind/sky.png",
      "licenses": "OGA-BY 3.0,CC-BY-SA 3.0,GPL 3.0",
      "authors": "Nila122,JaidynReiman",
      "urls": "https://opengameart.org/content/lpc-curly-hair-elven-ears-white-cape-with-blue-trim-and-more,https://opengameart.org/content/lpc-roman-armor",
      "notes": ""
    },
    {
      "fileName": "legs/hose/male/sky.png",
      "licenses": "OGA-BY 3.0,GPL 3.0",
      "authors": "JaidynReiman,ElizaWy,bluecarrot16,JaidynReiman,ElizaWy,Johannes Sjölund (wulax),Stephen Challener (Redshrike)",
      "urls": "https://github.com/ElizaWy/LPC/tree/main/Characters/Clothing,https://opengameart.org/content/lpc-expanded-pants",
      "notes": "Original bases by Redshrike, thrust/shoot bases by Wulax, original overalls and hose by ElizaWy, base animations adapted from v3 overalls by bluecarrot16, male hose by JaidynReiman"
    },
    {
      "fileName": "weapon/magic/simple/foreground/simple.png",
      "licenses": "CC0",
      "authors": "bluecarrot16,Dr. Jamgo",
      "urls": "https://opengameart.org/content/lpc-simple-staff",
      "notes": "original by DrJamgo, hands switched and split into to layers by bluecarrot16"
    },
    {
      "fileName": "weapon/magic/simple/background/simple.png",
      "licenses": "CC0",
      "authors": "bluecarrot16,Dr. Jamgo",
      "urls": "https://opengameart.org/content/lpc-simple-staff",
      "notes": "original by DrJamgo, hands switched and split into to layers by bluecarrot16"
    }
  ],
  "layers": [
    {
      "fileName": "shadow/adult/shadow.png",
      "zPos": 0,
      "parentName": "shadow",
      "name": "Shadow",
      "variant": "shadow",
      "supportedAnimations": "spellcast,thrust,walk,slash,shoot,hurt,watering"
    },
    {
      "fileName": "cape/solid_behind/sky.png",
      "zPos": 5,
      "parentName": "cape",
      "name": "Solid",
      "variant": "sky",
      "supportedAnimations": "spellcast,thrust,walk,slash,shoot,hurt,watering"
    },
    {
      "fileName": "weapon/magic/simple/background/simple.png",
      "zPos": 9,
      "parentName": "weapon",
      "name": "Simple_staff",
      "variant": "simple",
      "supportedAnimations": "spellcast,thrust,walk,slash,shoot,hurt,watering"
    },
    {
      "fileName": "body/bodies/male/light.png",
      "zPos": 10,
      "parentName": "body",
      "name": "Body_color",
      "variant": "light",
      "supportedAnimations": "spellcast,thrust,walk,slash,shoot,hurt,watering,idle,jump,run,sit,emote,climb,combat,1h_slash,1h_backslash,1h_halfslash"
    },
    {
      "fileName": "legs/hose/male/sky.png",
      "zPos": 20,
      "parentName": "legs",
      "name": "Hose",
      "variant": "sky",
      "supportedAnimations": "spellcast,thrust,walk,slash,shoot,hurt,watering,idle,jump,run,sit,emote,climb,combat,1h_slash,1h_backslash,1h_halfslash"
    },
    {
      "fileName": "torso/clothes/longsleeve/longsleeve/male/sky.png",
      "zPos": 35,
      "parentName": "clothes",
      "name": "Longsleeve",
      "variant": "sky",
      "supportedAnimations": "spellcast,thrust,walk,slash,shoot,hurt,watering"
    },
    {
      "fileName": "torso/clothes/vest_open/male/sky.png",
      "zPos": 45,
      "parentName": "vest",
      "name": "Vest_open",
      "variant": "sky",
      "supportedAnimations": "spellcast,thrust,walk,slash,shoot,hurt,watering"
    },
    {
      "fileName": "torso/jacket/tabard/male/sky.png",
      "zPos": 55,
      "parentName": "jacket",
      "name": "Tabard",
      "variant": "sky",
      "supportedAnimations": "spellcast,thrust,walk,slash,shoot,hurt,watering"
    },
    {
      "fileName": "shoulders/mantal/male/sky.png",
      "zPos": 75,
      "parentName": "shoulders",
      "name": "Mantal",
      "variant": "sky",
      "supportedAnimations": "spellcast,thrust,walk,slash,shoot,hurt,watering"
    },
    {
      "fileName": "cape/solid/female/sky.png",
      "zPos": 85,
      "parentName": "cape",
      "name": "Solid",
      "variant": "sky",
      "supportedAnimations": "spellcast,thrust,walk,slash,shoot,hurt,watering"
    },
    {
      "fileName": "head/heads/human/male/light.png",
      "zPos": 100,
      "parentName": "head",
      "name": "Human_male",
      "variant": "light",
      "supportedAnimations": "spellcast,thrust,walk,slash,shoot,hurt,watering,idle,jump,run,sit,emote,climb,combat,1h_slash,1h_backslash,1h_halfslash"
    },
    {
      "fileName": "beards/beard/winter/male/white.png",
      "zPos": 110,
      "parentName": "beard",
      "name": "Winter_Beard",
      "variant": "white",
      "supportedAnimations": "spellcast,thrust,walk,slash,shoot,hurt,watering,idle,jump,run,sit,emote,climb,combat,1h_slash,1h_backslash,1h_halfslash"
    },
    {
      "fileName": "hair/long_straight/male/ashplatinum.png",
      "zPos": 120,
      "parentName": "hair",
      "name": "Long_straight",
      "variant": "ashplatinum",
      "supportedAnimations": "spellcast,thrust,walk,slash,shoot,hurt,watering"
    },
    {
      "fileName": "hat/magic/celestial/adult/sky.png",
      "zPos": 130,
      "parentName": "hat",
      "name": "Celestial_Wizard_Hat",
      "variant": "sky",
      "supportedAnimations": "spellcast,thrust,walk,slash,shoot,hurt,watering,idle,jump,run,sit,emote,climb,combat,1h_slash,1h_backslash,1h_halfslash"
    },
    {
      "fileName": "weapon/magic/simple/foreground/simple.png",
      "zPos": 140,
      "parentName": "weapon",
      "name": "Simple_staff",
      "variant": "simple",
      "supportedAnimations": "spellcast,thrust,walk,slash,shoot,hurt,watering"
    }
  ]
}