{
  "bodyTypeName": "female",
  "url": "https://liberatedpixelcup.github.io/Universal-LPC-Spritesheet-Character-Generator/#?body=Body_color_olive&head=Human_male_olive&sex=female&shadow=Shadow_shadow&expression=Neutral_olive&eye_color=Eye_Color_brown&eyebrows=Thin_Eyebrows_dark_brown&hair=Braid_ginger&arms=Armour_silver&bandages=none_Bandages&chainmail=Chainmail_gray&cape=Solid_red&legs=Legion_skirt_brown&apron=none_Overskirt&shoes=Folded_Rim_Boots_black&weapon=Longsword_longsword",
  "spritesheets": "https://liberatedpixelcup.github.io/Universal-LPC-Spritesheet-Character-Generator/spritesheets/",
  "version": 1,
  "datetime": "17/4/2025, 14:09:14",
  "credits": [
    {
      "fileName": "shadow/adult/shadow.png",
      "licenses": "CC0",
      "authors": "drjamgo@hotmail.com",
      "urls": "https://opengameart.org/content/shadow-for-lpc-sprite",
      "notes": ""
    },
    {
      "fileName": "body/bodies/female/olive.png",
      "licenses": "OGA-BY 3.0,CC-BY-SA 3.0,GPL 3.0",
      "authors": "Benjamin K. Smith (BenCreating),bluecarrot16,TheraHedwig,Evert,MuffinElZangano,Durrani,Pierre Vigier (pvigier),ElizaWy,Matthew Krohn (makrohn),Johannes Sjölund (wulax),Stephen Challener (Redshrike)",
      "urls": "https://opengameart.org/content/liberated-pixel-cup-lpc-base-assets-sprites-map-tiles,https://opengameart.org/content/lpc-medieval-fantasy-character-sprites,https://opengameart.org/content/lpc-ladies,https://opengameart.org/content/lpc-7-womens-shirts,https://opengameart.org/content/lpc-jump-expanded,https://opengameart.org/content/lpc-be-seated,https://opengameart.org/content/lpc-revised-character-basics,https://gitlab.com/vagabondgame/lpc-characters,https://opengameart.org/content/lpc-male-jumping-animation-by-durrani,https://opengameart.org/content/lpc-runcycle-and-diagonal-walkcycle",
      "notes": "see details at https://opengameart.org/content/lpc-character-bases"
    },
    {
      "fileName": "head/heads/human/male/olive.png",
      "licenses": "OGA-BY 3.0,CC-BY-SA 3.0,GPL 3.0",
      "authors": "bluecarrot16,Benjamin K. Smith (BenCreating),Stephen Challener (Redshrike)",
      "urls": "https://opengameart.org/content/liberated-pixel-cup-lpc-base-assets-sprites-map-tiles,https://opengameart.org/content/lpc-character-bases",
      "notes": "original head by Redshrike, tweaks by BenCreating, modular version by bluecarrot16"
    },
    {
      "fileName": "head/faces/${head}/neutral/olive.png",
      "licenses": "OGA-BY 3.0",
      "authors": "JaidynReiman,ElizaWy,Stephen Challener (Redshrike)",
      "urls": "https://github.com/ElizaWy/LPC/tree/main/Characters/Head,https://opengameart.org/content/ulpc-expanded-expressions",
      "notes": "Original by Redshrike, Expressions by ElizaWy, mapped to all frames by JaidynReiman"
    },
    {
      "fileName": "eyes/human/adult/${expression}/brown.png",
      "licenses": "OGA-BY 3.0,CC-BY-SA 3.0,GPL 3.0",
      "authors": "JaidynReiman,ElizaWy,Stephen Challener (Redshrike)",
      "urls": "https://opengameart.org/content/liberated-pixel-cup-lpc-base-assets-sprites-map-tiles,https://opengameart.org/content/lpc-medieval-fantasy-character-sprites",
      "notes": "original by Redshrike, Expressions by ElizaWy, eyes split from expressions and mapped to all frames by JaidynReiman"
    },
    {
      "fileName": "eyes/eyebrows/thin/adult/dark_brown.png",
      "licenses": "OGA-BY 3.0",
      "authors": "ElizaWy",
      "urls": "https://github.com/ElizaWy/LPC/tree/main/Characters/Hair,https://opengameart.org/content/lpc-expanded-sit-run-jump-more",
      "notes": ""
    },
    {
      "fileName": "hair/braid/female/ginger.png",
      "licenses": "OGA-BY 3.0,CC-BY-SA 3.0,GPL 3.0,GPL 2.0",
      "authors": "Nila122,ElizaWy",
      "urls": "https://opengameart.org/content/3-hairs-for-lpc,https://opengameart.org/content/lpc-hair",
      "notes": ""
    },
    {
      "fileName": "arms/armour/plate/female/silver.png",
      "licenses": "OGA-BY 3.0,CC-BY-SA 3.0,GPL 3.0",
      "authors": "Michael Whitlock (bigbeargames),Matthew Krohn (makrohn),Johannes Sjölund (wulax)",
      "urls": "https://opengameart.org/content/lpc-medieval-fantasy-character-sprites,https://opengameart.org/content/lpc-combat-armor-for-women,http://opengameart.org/content/lpc-clothing-updates",
      "notes": "original by wulax, adapted to female by makrohn, recolors by bigbeargames; adapted to v3 bases and further recolors by bluecarrot16"
    },
    {
      "fileName": "torso/chainmail/female/gray.png",
      "licenses": "OGA-BY 3.0,CC-BY-SA 3.0,GPL 3.0",
      "authors": "Johannes Sjölund (wulax)",
      "urls": "https://opengameart.org/content/lpc-medieval-fantasy-character-sprites",
      "notes": "minor edits by bluecarrot16"
    },
    {
      "fileName": "cape/solid/female/red.png",
      "licenses": "OGA-BY 3.0,CC-BY-SA 3.0,GPL 3.0",
      "authors": "bluecarrot16,JaidynReiman",
      "urls": "https://opengameart.org/content/lpc-curly-hair-elven-ears-white-cape-with-blue-trim-and-more,https://opengameart.org/content/lpc-roman-armor,http://opengameart.org/content/lpc-clothing-updates",
      "notes": ""
    },
    {
      "fileName": "cape/solid_behind/red.png",
      "licenses": "OGA-BY 3.0,CC-BY-SA 3.0,GPL 3.0",
      "authors": "Nila122,JaidynReiman",
      "urls": "https://opengameart.org/content/lpc-curly-hair-elven-ears-white-cape-with-blue-trim-and-more,https://opengameart.org/content/lpc-roman-armor",
      "notes": ""
    },
    {
      "fileName": "legs/skirts/legion/female/brown.png",
      "licenses": "OGA-BY 3.0,CC-BY-SA 3.0,GPL 2.0,GPL 3.0",
      "authors": "bluecarrot16,Nila122",
      "urls": "https://opengameart.org/content/lpc-roman-armor,http://opengameart.org/content/lpc-clothing-updates",
      "notes": "original by Nila122 to legion, adapted to v3 bases by bluecarrot16"
    },
    {
      "fileName": "feet/boots/fold/thin/black.png",
      "licenses": "OGA-BY 3.0+,CC-BY 3.0+,GPL 3.0",
      "authors": "JaidynReiman",
      "urls": "https://opengameart.org/content/lpc-kimono-relm,https://opengameart.org/content/lpc-expanded-socks-shoes",
      "notes": ""
    },
    {
      "fileName": "weapon/sword/longsword/longsword.png",
      "licenses": "OGA-BY 3.0,CC-BY-SA 3.0",
      "authors": "Johannes Sjölund (wulax),bluecarrot16",
      "urls": "https://opengameart.org/content/lpc-medieval-fantasy-character-sprites,https://opengameart.org/content/lpc-extended-weapon-animations",
      "notes": ""
    },
    {
      "fileName": "weapon/sword/longsword/universal_behind/longsword.png",
      "licenses": "OGA-BY 3.0,CC-BY-SA 3.0",
      "authors": "Johannes Sjölund (wulax),bluecarrot16",
      "urls": "https://opengameart.org/content/lpc-medieval-fantasy-character-sprites,https://opengameart.org/content/lpc-extended-weapon-animations",
      "notes": ""
    },
    {
      "fileName": "weapon/sword/longsword/attack_slash/behind/longsword.png",
      "licenses": "OGA-BY 3.0,CC-BY-SA 3.0",
      "authors": "Johannes Sjölund (wulax),bluecarrot16",
      "urls": "https://opengameart.org/content/lpc-medieval-fantasy-character-sprites,https://opengameart.org/content/lpc-extended-weapon-animations",
      "notes": ""
    },
    {
      "fileName": "weapon/sword/longsword/attack_slash/longsword.png",
      "licenses": "OGA-BY 3.0,CC-BY-SA 3.0",
      "authors": "Johannes Sjölund (wulax),bluecarrot16",
      "urls": "https://opengameart.org/content/lpc-medieval-fantasy-character-sprites,https://opengameart.org/content/lpc-extended-weapon-animations",
      "notes": ""
    },
    {
      "fileName": "weapon/sword/longsword/attack_slash_reverse/behind/longsword.png",
      "licenses": "OGA-BY 3.0,CC-BY-SA 3.0",
      "authors": "Johannes Sjölund (wulax),bluecarrot16",
      "urls": "https://opengameart.org/content/lpc-medieval-fantasy-character-sprites,https://opengameart.org/content/lpc-extended-weapon-animations",
      "notes": ""
    },
    {
      "fileName": "weapon/sword/longsword/attack_slash_reverse/longsword.png",
      "licenses": "OGA-BY 3.0,CC-BY-SA 3.0",
      "authors": "Johannes Sjölund (wulax),bluecarrot16",
      "urls": "https://opengameart.org/content/lpc-medieval-fantasy-character-sprites,https://opengameart.org/content/lpc-extended-weapon-animations",
      "notes": ""
    },
    {
      "fileName": "weapon/sword/longsword/attack_thrust/behind/longsword.png",
      "licenses": "OGA-BY 3.0,CC-BY-SA 3.0",
      "authors": "Johannes Sjölund (wulax),bluecarrot16",
      "urls": "https://opengameart.org/content/lpc-medieval-fantasy-character-sprites,https://opengameart.org/content/lpc-extended-weapon-animations",
      "notes": ""
    },
    {
      "fileName": "weapon/sword/longsword/attack_thrust/longsword.png",
      "licenses": "OGA-BY 3.0,CC-BY-SA 3.0",
      "authors": "Johannes Sjölund (wulax),bluecarrot16",
      "urls": "https://opengameart.org/content/lpc-medieval-fantasy-character-sprites,https://opengameart.org/content/lpc-extended-weapon-animations",
      "notes": ""
    }
  ],
  "layers": [
    {
      "fileName": "weapon/sword/longsword/attack_slash/behind/longsword.png",
      "zPos": -1,
      "custom_animation": "slash_oversize",
      "parentName": "weapon",
      "name": "Longsword",
      "variant": "longsword",
      "supportedAnimations": "spellcast,thrust,walk,slash,shoot,hurt,watering"
    },
    {
      "fileName": "weapon/sword/longsword/attack_slash_reverse/behind/longsword.png",
      "zPos": -1,
      "custom_animation": "slash_reverse_oversize",
      "parentName": "weapon",
      "name": "Longsword",
      "variant": "longsword",
      "supportedAnimations": "spellcast,thrust,walk,slash,shoot,hurt,watering"
    },
    {
      "fileName": "weapon/sword/longsword/attack_thrust/behind/longsword.png",
      "zPos": -1,
      "custom_animation": "thrust_oversize",
      "parentName": "weapon",
      "name": "Longsword",
      "variant": "longsword",
      "supportedAnimations": "spellcast,thrust,walk,slash,shoot,hurt,watering"
    },
    {
      "fileName": "shadow/adult/shadow.png",
      "zPos": 0,
      "parentName": "shadow",
      "name": "Shadow",
      "variant": "shadow",
      "supportedAnimations": "spellcast,thrust,walk,slash,shoot,hurt,watering"
    },
    {
      "fileName": "cape/solid_behind/red.png",
      "zPos": 5,
      "parentName": "cape",
      "name": "Solid",
      "variant": "red",
      "supportedAnimations": "spellcast,thrust,walk,slash,shoot,hurt,watering"
    },
    {
      "fileName": "weapon/sword/longsword/universal_behind/longsword.png",
      "zPos": 9,
      "parentName": "weapon",
      "name": "Longsword",
      "variant": "longsword",
      "supportedAnimations": "spellcast,thrust,walk,slash,shoot,hurt,watering"
    },
    {
      "fileName": "body/bodies/female/olive.png",
      "zPos": 10,
      "parentName": "body",
      "name": "Body_color",
      "variant": "olive",
      "supportedAnimations": "spellcast,thrust,walk,slash,shoot,hurt,watering,idle,jump,run,sit,emote,climb,combat,1h_slash,1h_backslash,1h_halfslash"
    },
    {
      "fileName": "legs/skirts/legion/female/brown.png",
      "zPos": 20,
      "parentName": "legs",
      "name": "Legion_skirt",
      "variant": "brown",
      "supportedAnimations": "spellcast,thrust,walk,slash,shoot,hurt,watering"
    },
    {
      "fileName": "feet/boots/fold/thin/black.png",
      "zPos": 25,
      "parentName": "shoes",
      "name": "Folded_Rim_Boots",
      "variant": "black",
      "supportedAnimations": "spellcast,thrust,walk,slash,shoot,hurt,watering,idle,jump,run,sit,emote,climb,combat,1h_slash,1h_backslash,1h_halfslash"
    },
    {
      "fileName": "torso/chainmail/female/gray.png",
      "zPos": 50,
      "parentName": "chainmail",
      "name": "Chainmail",
      "variant": "gray",
      "supportedAnimations": "spellcast,thrust,walk,slash,shoot,hurt,watering"
    },
    {
      "fileName": "arms/armour/plate/female/silver.png",
      "zPos": 60,
      "parentName": "arms",
      "name": "Armour",
      "variant": "silver",
      "supportedAnimations": "spellcast,thrust,walk,slash,shoot,hurt,watering"
    },
    {
      "fileName": "cape/solid/female/red.png",
      "zPos": 85,
      "parentName": "cape",
      "name": "Solid",
      "variant": "red",
      "supportedAnimations": "spellcast,thrust,walk,slash,shoot,hurt,watering"
    },
    {
      "fileName": "head/heads/human/male/olive.png",
      "zPos": 100,
      "parentName": "head",
      "name": "Human_male",
      "variant": "olive",
      "supportedAnimations": "spellcast,thrust,walk,slash,shoot,hurt,watering,idle,jump,run,sit,emote,climb,combat,1h_slash,1h_backslash,1h_halfslash"
    },
    {
      "fileName": "head/faces/male/neutral/olive.png",
      "zPos": 101,
      "parentName": "expression",
      "name": "Neutral",
      "variant": "olive",
      "supportedAnimations": "spellcast,thrust,walk,slash,shoot,hurt,watering,idle,jump,run,sit,emote,climb,combat,1h_slash,1h_backslash,1h_halfslash"
    },
    {
      "fileName": "eyes/human/adult/neutral/brown.png",
      "zPos": 105,
      "parentName": "eye_color",
      "name": "Eye_Color",
      "variant": "brown",
      "supportedAnimations": "spellcast,thrust,walk,slash,shoot,hurt,watering,idle,jump,run,sit,emote,climb,combat,1h_slash,1h_backslash,1h_halfslash"
    },
    {
      "fileName": "eyes/eyebrows/thin/adult/dark_brown.png",
      "zPos": 106,
      "parentName": "eyebrows",
      "name": "Thin_Eyebrows",
      "variant": "dark brown",
      "supportedAnimations": "spellcast,thrust,walk,slash,shoot,hurt,watering,idle,jump,run,sit,emote,climb,combat,1h_slash,1h_backslash,1h_halfslash"
    },
    {
      "fileName": "hair/braid/female/ginger.png",
      "zPos": 120,
      "parentName": "hair",
      "name": "Braid",
      "variant": "ginger",
      "supportedAnimations": "spellcast,thrust,walk,slash,shoot,hurt,watering"
    },
    {
      "fileName": "weapon/sword/longsword/longsword.png",
      "zPos": 140,
      "parentName": "weapon",
      "name": "Longsword",
      "variant": "longsword",
      "supportedAnimations": "spellcast,thrust,walk,slash,shoot,hurt,watering"
    },
    {
      "fileName": "weapon/sword/longsword/attack_slash/longsword.png",
      "zPos": 150,
      "custom_animation": "slash_oversize",
      "parentName": "weapon",
      "name": "Longsword",
      "variant": "longsword",
      "supportedAnimations": "spellcast,thrust,walk,slash,shoot,hurt,watering"
    },
    {
      "fileName": "weapon/sword/longsword/attack_slash_reverse/longsword.png",
      "zPos": 150,
      "custom_animation": "slash_reverse_oversize",
      "parentName": "weapon",
      "name": "Longsword",
      "variant": "longsword",
      "supportedAnimations": "spellcast,thrust,walk,slash,shoot,hurt,watering"
    },
    {
      "fileName": "weapon/sword/longsword/attack_thrust/longsword.png",
      "zPos": 150,
      "custom_animation": "thrust_oversize",
      "parentName": "weapon",
      "name": "Longsword",
      "variant": "longsword",
      "supportedAnimations": "spellcast,thrust,walk,slash,shoot,hurt,watering"
    }
  ]
}