{
  "bodyTypeName": "teen",
  "url": "https://liberatedpixelcup.github.io/Universal-LPC-Spritesheet-Character-Generator/#?body=Body_color_fur_white&head=Human_male_gaunt_fur_white&sex=teen&shadow=Shadow_shadow&wrinkes=none_Wrinkles&eyes=none_Cyclops_Eyes&jacket=none_Tabard&overalls=none_Overalls&armour=Legion_silver&sash=none_Sash&shoes=Armour_steel&weapon=none_Rod&hat=Xeon_helmet_silver&bandana_overlay=none_Skull_Bandana_Overlay&headcover=none_Kerchief&hat_accessory=none_Cavalier_feather&visor=none_Round_visor&legs=Armour_steel&gloves=Gloves_silver",
  "spritesheets": "https://liberatedpixelcup.github.io/Universal-LPC-Spritesheet-Character-Generator/spritesheets/",
  "version": 1,
  "datetime": "17/4/2025, 15:06:35",
  "credits": [
    {
      "fileName": "shadow/adult/shadow.png",
      "licenses": "CC0",
      "authors": "drjamgo@hotmail.com",
      "urls": "https://opengameart.org/content/shadow-for-lpc-sprite",
      "notes": ""
    },
    {
      "fileName": "body/bodies/teen/fur_white.png",
      "licenses": "OGA-BY 3.0,CC-BY-SA 3.0,GPL 3.0",
      "authors": "bluecarrot16,Evert,TheraHedwig,Benjamin K. Smith (BenCreating),MuffinElZangano,Durrani,Pierre Vigier (pvigier),Eliza Wyatt (ElizaWy),Matthew Krohn (makrohn),Johannes Sjölund (wulax),Stephen Challener (Redshrike)",
      "urls": "https://opengameart.org/content/liberated-pixel-cup-lpc-base-assets-sprites-map-tiles,https://opengameart.org/content/lpc-medieval-fantasy-character-sprites,https://opengameart.org/content/lpc-ladies,https://opengameart.org/content/lpc-teen-unisex-base-clothes,https://opengameart.org/content/lpc-jump-expanded,https://opengameart.org/content/lpc-revised-character-basics,https://opengameart.org/content/lpc-be-seated,https://gitlab.com/vagabondgame/lpc-characters,https://opengameart.org/content/lpc-male-jumping-animation-by-durrani,https://opengameart.org/content/lpc-jump-expanded",
      "notes": "see details at https://opengameart.org/content/lpc-character-bases; 'Thick' Male Revised Run/Climb by JaidynReiman (based on ElizaWy's LPC Revised)"
    },
    {
      "fileName": "head/heads/human/male_gaunt/fur_white.png",
      "licenses": "OGA-BY 3.0,CC-BY-SA 3.0,GPL 3.0",
      "authors": "Stephen Challener (Redshrike),bluecarrot16",
      "urls": "https://opengameart.org/content/liberated-pixel-cup-lpc-base-assets-sprites-map-tiles,https://opengameart.org/content/lpc-folk",
      "notes": "original head by Redshrike, gaunt version by bluecarrot16"
    },
    {
      "fileName": "hat/helmet/xeon/adult/silver.png",
      "licenses": "OGA-BY 3.0",
      "authors": "Stephen Challener (Redshrike)",
      "urls": "https://opengameart.org/content/four-characters-my-lpc-entries,https://opengameart.org/content/lpc-expanded-hats-facial-helmets",
      "notes": ""
    },
    {
      "fileName": "arms/gloves/female/silver.png",
      "licenses": "OGA-BY 3.0,CC-BY-SA 3.0,GPL 3.0",
      "authors": "Michael Whitlock (bigbeargames),Matthew Krohn (makrohn),Johannes Sjölund (wulax),bluecarrot16",
      "urls": "https://opengameart.org/content/lpc-medieval-fantasy-character-sprites,http://opengameart.org/content/lpc-clothing-updates",
      "notes": "metal gloves by wulax, extended to female base by makrohn, recolors by bigbeargames, adapted to v3 bases by bluecarrot16, added to expanded animations by JaidynReiman"
    },
    {
      "fileName": "torso/armour/legion/teen/silver.png",
      "licenses": "OGA-BY 3.0,CC-BY-SA 3.0,GPL 2.0,GPL 3.0",
      "authors": "JaidynReiman,bluecarrot16,Nila122",
      "urls": "https://opengameart.org/content/lpc-roman-armor",
      "notes": "adapted to v3 bases by bluecarrot16, jump/run/sit/combat and teen by Jaidynreiman"
    },
    {
      "fileName": "legs/armour/plate/thin/steel.png",
      "licenses": "OGA-BY 3.0,CC-BY-SA 3.0,GPL 3.0",
      "authors": "bluecarrot16,JaidynReiman,Michael Whitlock (bigbeargames),Matthew Krohn (makrohn),Johannes Sjölund (wulax)",
      "urls": "https://opengameart.org/content/lpc-medieval-fantasy-character-sprites",
      "notes": "reduced to 7 colors an adapted to v3 bases by bluecarrot16, climb/jump/sit/emotes by JaidynReiman"
    },
    {
      "fileName": "feet/armour/plate/female/steel.png",
      "licenses": "OGA-BY 3.0,CC-BY-SA 3.0,GPL 3.0",
      "authors": "Matthew Krohn (makrohn),Johannes Sjölund (wulax)",
      "urls": "https://opengameart.org/content/lpc-medieval-fantasy-character-sprites",
      "notes": "original by wulax, edited for female base by makrohn, recolors by bigbeargames, edits for v3 base and recolors by bluecarrot16"
    }
  ],
  "layers": [
    {
      "fileName": "shadow/adult/shadow.png",
      "zPos": 0,
      "parentName": "shadow",
      "name": "Shadow",
      "variant": "shadow",
      "supportedAnimations": "spellcast,thrust,walk,slash,shoot,hurt,watering"
    },
    {
      "fileName": "body/bodies/teen/fur_white.png",
      "zPos": 10,
      "parentName": "body",
      "name": "Body_color",
      "variant": "fur_white",
      "supportedAnimations": "spellcast,thrust,walk,slash,shoot,hurt,watering,idle,jump,run,sit,emote,climb,combat,1h_slash,1h_backslash,1h_halfslash"
    },
    {
      "fileName": "feet/armour/plate/female/steel.png",
      "zPos": 15,
      "parentName": "shoes",
      "name": "Armour",
      "variant": "steel",
      "supportedAnimations": "spellcast,thrust,walk,slash,shoot,hurt,watering"
    },
    {
      "fileName": "legs/armour/plate/thin/steel.png",
      "zPos": 20,
      "parentName": "legs",
      "name": "Armour",
      "variant": "steel",
      "supportedAnimations": "spellcast,thrust,walk,slash,shoot,hurt,climb,idle,jump,sit,emotes"
    },
    {
      "fileName": "torso/armour/legion/teen/silver.png",
      "zPos": 60,
      "parentName": "armour",
      "name": "Legion",
      "variant": "silver",
      "supportedAnimations": "spellcast,thrust,walk,slash,shoot,hurt,watering,idle,jump,run,sit,emote,climb,combat,1h_slash,1h/backslash,1h_halfslash"
    },
    {
      "fileName": "arms/gloves/female/silver.png",
      "zPos": 70,
      "parentName": "gloves",
      "name": "Gloves",
      "variant": "silver",
      "supportedAnimations": "spellcast,thrust,walk,slash,shoot,hurt,watering,idle,jump,run,sit,emote,climb,combat,1h_slash,1h_backslash,1h_halfslash"
    },
    {
      "fileName": "head/heads/human/male_gaunt/fur_white.png",
      "zPos": 100,
      "parentName": "head",
      "name": "Human_male_gaunt",
      "variant": "fur_white",
      "supportedAnimations": "spellcast,thrust,walk,slash,shoot,hurt,watering,idle,jump,run,sit,emote,climb,combat,1h_slash,1h_backslash,1h_halfslash"
    },
    {
      "fileName": "hat/helmet/xeon/adult/silver.png",
      "zPos": 130,
      "parentName": "hat",
      "name": "Xeon_helmet",
      "variant": "silver",
      "supportedAnimations": "spellcast,thrust,walk,slash,shoot,hurt,watering,idle,jump,run,sit,emote,climb,combat,1h_slash,1h_backslash,1h_halfslash"
    }
  ]
}