{
  "bodyTypeName": "male",
  "url": "https://liberatedpixelcup.github.io/Universal-LPC-Spritesheet-Character-Generator/#?body=Body_color_light&head=Human_male_light&shadow=Shadow_shadow&wound_eye_right=Right_Eye_eye_right&eye_color=Eye_Color_blue&expression=Closing_Eyes_light&eyebrows=Thick_Eyebrows_ash&hair=Messy1_ash&bracers=Bracers_iron&wrists=none_Lace_Cuffs&gloves=Gloves_iron&jacket=Collared_coat_black&clothes=Sleeveless_laced_white&legs=Long_Pants_white&shoes=Revised_Boots_black&facial_eyes=Eyepatch_2_Right_black&weapon=Loop_staff_silver&weapon_magic_crystal=none_Crystal",
  "spritesheets": "https://liberatedpixelcup.github.io/Universal-LPC-Spritesheet-Character-Generator/spritesheets/",
  "version": 1,
  "datetime": "17/4/2025, 12:21:06",
  "credits": [
    {
      "fileName": "shadow/adult/shadow.png",
      "licenses": "CC0",
      "authors": "drjamgo@hotmail.com",
      "urls": "https://opengameart.org/content/shadow-for-lpc-sprite",
      "notes": ""
    },
    {
      "fileName": "body/bodies/male/light.png",
      "licenses": "OGA-BY 3.0,CC-BY-SA 3.0,GPL 3.0",
      "authors": "bluecarrot16,JaidynReiman,Benjamin K. Smith (BenCreating),Evert,Eliza Wyatt (ElizaWy),TheraHedwig,MuffinElZangano,Durrani,Johannes Sjölund (wulax),Stephen Challener (Redshrike)",
      "urls": "https://opengameart.org/content/liberated-pixel-cup-lpc-base-assets-sprites-map-tiles,https://opengameart.org/content/lpc-medieval-fantasy-character-sprites,https://opengameart.org/content/lpc-male-jumping-animation-by-durrani,https://opengameart.org/content/lpc-runcycle-and-diagonal-walkcycle,https://opengameart.org/content/lpc-revised-character-basics,https://opengameart.org/content/lpc-be-seated,https://opengameart.org/content/lpc-runcycle-for-male-muscular-and-pregnant-character-bases-with-modular-heads,https://opengameart.org/content/lpc-jump-expanded,https://opengameart.org/content/lpc-character-bases",
      "notes": "see details at https://opengameart.org/content/lpc-character-bases; 'Thick' Male Revised Run/Climb by JaidynReiman (based on ElizaWy's LPC Revised)"
    },
    {
      "fileName": "body/wound/eye_right.png",
      "licenses": "CC-BY-SA 3.0,GPL 3.0",
      "authors": "Benjamin K. Smith (BenCreating),Sander Frenken (castelonia)",
      "urls": "https://opengameart.org/content/lpc-zombie",
      "notes": ""
    },
    {
      "fileName": "head/heads/human/male/light.png",
      "licenses": "OGA-BY 3.0,CC-BY-SA 3.0,GPL 3.0",
      "authors": "bluecarrot16,Benjamin K. Smith (BenCreating),Stephen Challener (Redshrike)",
      "urls": "https://opengameart.org/content/liberated-pixel-cup-lpc-base-assets-sprites-map-tiles,https://opengameart.org/content/lpc-character-bases",
      "notes": "original head by Redshrike, tweaks by BenCreating, modular version by bluecarrot16"
    },
    {
      "fileName": "head/faces/${head}/closing/light.png",
      "licenses": "OGA-BY 3.0",
      "authors": "JaidynReiman,ElizaWy,Stephen Challener (Redshrike)",
      "urls": "https://github.com/ElizaWy/LPC/tree/main/Characters/Head,https://opengameart.org/content/ulpc-expanded-expressions",
      "notes": "Original by Redshrike, Expressions by ElizaWy, mapped to all frames by JaidynReiman"
    },
    {
      "fileName": "eyes/human/adult/${expression}/blue.png",
      "licenses": "OGA-BY 3.0,CC-BY-SA 3.0,GPL 3.0",
      "authors": "JaidynReiman,ElizaWy,Stephen Challener (Redshrike)",
      "urls": "https://opengameart.org/content/liberated-pixel-cup-lpc-base-assets-sprites-map-tiles,https://opengameart.org/content/lpc-medieval-fantasy-character-sprites",
      "notes": "original by Redshrike, Expressions by ElizaWy, eyes split from expressions and mapped to all frames by JaidynReiman"
    },
    {
      "fileName": "eyes/eyebrows/thick/adult/ash.png",
      "licenses": "OGA-BY 3.0",
      "authors": "ElizaWy",
      "urls": "https://github.com/ElizaWy/LPC/tree/main/Characters/Hair,https://opengameart.org/content/lpc-expanded-sit-run-jump-more",
      "notes": ""
    },
    {
      "fileName": "hair/messy1/male/ash.png",
      "licenses": "CC-BY-SA 3.0,GPL 3.0",
      "authors": "Manuel Riecke (MrBeast)",
      "urls": "https://opengameart.org/content/liberated-pixel-cup-lpc-base-assets-sprites-map-tiles",
      "notes": ""
    },
    {
      "fileName": "facial/patches/eyepatch2/right/adult/black.png",
      "licenses": "OGA-BY 3.0",
      "authors": "ElizaWy",
      "urls": "https://github.com/ElizaWy/LPC/tree/main/Characters/Head%20Accessories,https://opengameart.org/content/lpc-expanded-sit-run-jump-more",
      "notes": ""
    },
    {
      "fileName": "arms/bracers/male/iron.png",
      "licenses": "OGA-BY 3.0,CC-BY-SA 3.0,GPL 3.0",
      "authors": "Matthew Krohn (makrohn),Johannes Sjölund (wulax)",
      "urls": "https://opengameart.org/content/lpc-medieval-fantasy-character-sprites",
      "notes": ""
    },
    {
      "fileName": "arms/gloves/male/iron.png",
      "licenses": "OGA-BY 3.0,CC-BY-SA 3.0,GPL 3.0",
      "authors": "Michael Whitlock (bigbeargames),Matthew Krohn (makrohn),Johannes Sjölund (wulax),bluecarrot16,JaidynReiman",
      "urls": "https://opengameart.org/content/lpc-medieval-fantasy-character-sprites,http://opengameart.org/content/lpc-clothing-updates",
      "notes": "metal gloves by wulax, recolors by bigbeargames, adapted to v3 bases by bluecarrot16, added to expanded animations by JaidynReiman"
    },
    {
      "fileName": "torso/clothes/sleeveless/laced/male/white.png",
      "licenses": "OGA-BY 3.0,CC-BY-SA 3.0,GPL 3.0",
      "authors": "bluecarrot16,Matthew Krohn (makrohn),JaidynReiman,Marcel van de Steeg (MadMarcel),Nila122,Johannes Sjölund (wulax),Stephen Challener (Redshrike)",
      "urls": "https://opengameart.org/content/lpc-female-orcogregoblintroll-base-walkcycle,https://opengameart.org/content/lpc-curly-hair-elven-ears-white-cape-with-blue-trim-and-more,https://opengameart.org/content/more-lpc-clothes-and-hair,https://opengameart.org/content/lpc-pirates",
      "notes": ""
    },
    {
      "fileName": "torso/jacket/collared/male/black.png",
      "licenses": "CC-BY-SA 3.0,GPL 3.0",
      "authors": "bluecarrot16",
      "urls": "https://opengameart.org/content/lpc-gentleman,https://opengameart.org/content/lpc-pirates",
      "notes": ""
    },
    {
      "fileName": "legs/pants2/male/white.png",
      "licenses": "OGA-BY 3.0,GPL 3.0",
      "authors": "JaidynReiman,ElizaWy,Bluecarrot16,Johannes Sjölund (wulax),Stephen Challener (Redshrike)",
      "urls": "https://github.com/ElizaWy/LPC/tree/main/Characters/Clothing,https://opengameart.org/content/lpc-expanded-sit-run-jump-more,https://opengameart.org/content/lpc-expanded-pants",
      "notes": "original overalls by ElizaWy, base animations adapted from v3 overalls by bluecarrot16, pants by JaidynReiman"
    },
    {
      "fileName": "feet/boots/revised/male/black.png",
      "licenses": "OGA-BY 3.0,GPL 3.0",
      "authors": "JaidynReiman,ElizaWy,Bluecarrot16,Stephen Challener (Redshrike),Johannes Sjölund (wulax)",
      "urls": "https://github.com/ElizaWy/LPC/tree/main/Characters/Clothing,https://opengameart.org/content/lpc-expanded-socks-shoes",
      "notes": "original overalls and boots by ElizaWy, base animations adapted from v3 overalls by bluecarrot16, boots by JaidynReiman"
    },
    {
      "fileName": "weapon/magic/loop/universal/foreground/silver.png",
      "licenses": "OGA-BY 3.0+,GPL 3.0,CC-BY 4.0",
      "authors": "bluecarrot16",
      "urls": "https://opengameart.org/content/lpc-more-weapons",
      "notes": ""
    },
    {
      "fileName": "weapon/magic/loop/universal/background/silver.png",
      "licenses": "OGA-BY 3.0+,GPL 3.0,CC-BY 4.0",
      "authors": "bluecarrot16",
      "urls": "https://opengameart.org/content/lpc-more-weapons",
      "notes": ""
    },
    {
      "fileName": "weapon/magic/loop/thrust/foreground/silver.png",
      "licenses": "OGA-BY 3.0+,GPL 3.0,CC-BY 4.0",
      "authors": "bluecarrot16",
      "urls": "https://opengameart.org/content/lpc-more-weapons",
      "notes": ""
    },
    {
      "fileName": "weapon/magic/loop/thrust/background/silver.png",
      "licenses": "OGA-BY 3.0+,GPL 3.0,CC-BY 4.0",
      "authors": "bluecarrot16",
      "urls": "https://opengameart.org/content/lpc-more-weapons",
      "notes": ""
    }
  ],
  "layers": [
    {
      "fileName": "weapon/magic/loop/thrust/background/silver.png",
      "zPos": -1,
      "custom_animation": "thrust_oversize",
      "parentName": "weapon",
      "name": "Loop_staff",
      "variant": "silver",
      "supportedAnimations": "spellcast,thrust,walk,slash,shoot,hurt,watering"
    },
    {
      "fileName": "shadow/adult/shadow.png",
      "zPos": 0,
      "parentName": "shadow",
      "name": "Shadow",
      "variant": "shadow",
      "supportedAnimations": "spellcast,thrust,walk,slash,shoot,hurt,watering"
    },
    {
      "fileName": "weapon/magic/loop/universal/background/silver.png",
      "zPos": 9,
      "parentName": "weapon",
      "name": "Loop_staff",
      "variant": "silver",
      "supportedAnimations": "spellcast,thrust,walk,slash,shoot,hurt,watering"
    },
    {
      "fileName": "body/bodies/male/light.png",
      "zPos": 10,
      "parentName": "body",
      "name": "Body_color",
      "variant": "light",
      "supportedAnimations": "spellcast,thrust,walk,slash,shoot,hurt,watering,idle,jump,run,sit,emote,climb,combat,1h_slash,1h_backslash,1h_halfslash"
    },
    {
      "fileName": "legs/pants2/male/white.png",
      "zPos": 20,
      "parentName": "legs",
      "name": "Long_Pants",
      "variant": "white",
      "supportedAnimations": "spellcast,thrust,walk,slash,shoot,hurt,watering,idle,jump,run,sit,emote,climb,combat,1h_slash,1h_backslash,1h_halfslash"
    },
    {
      "fileName": "feet/boots/revised/male/black.png",
      "zPos": 25,
      "parentName": "shoes",
      "name": "Revised_Boots",
      "variant": "black",
      "supportedAnimations": "spellcast,thrust,walk,slash,shoot,hurt,watering,idle,jump,run,sit,emote,climb,combat,1h_slash,1h_backslash,1h_halfslash"
    },
    {
      "fileName": "torso/clothes/sleeveless/laced/male/white.png",
      "zPos": 35,
      "parentName": "clothes",
      "name": "Sleeveless_laced",
      "variant": "white",
      "supportedAnimations": "spellcast,thrust,walk,slash,shoot,hurt,watering"
    },
    {
      "fileName": "torso/jacket/collared/male/black.png",
      "zPos": 55,
      "parentName": "jacket",
      "name": "Collared_coat",
      "variant": "black",
      "supportedAnimations": "spellcast,thrust,walk,slash,shoot,hurt,watering"
    },
    {
      "fileName": "arms/bracers/male/iron.png",
      "zPos": 70,
      "parentName": "bracers",
      "name": "Bracers",
      "variant": "iron",
      "supportedAnimations": "spellcast,thrust,walk,slash,shoot,hurt,watering"
    },
    {
      "fileName": "arms/gloves/male/iron.png",
      "zPos": 70,
      "parentName": "gloves",
      "name": "Gloves",
      "variant": "iron",
      "supportedAnimations": "spellcast,thrust,walk,slash,shoot,hurt,watering,idle,jump,run,sit,emote,climb,combat,1h_slash,1h_backslash,1h_halfslash"
    },
    {
      "fileName": "head/heads/human/male/light.png",
      "zPos": 100,
      "parentName": "head",
      "name": "Human_male",
      "variant": "light",
      "supportedAnimations": "spellcast,thrust,walk,slash,shoot,hurt,watering,idle,jump,run,sit,emote,climb,combat,1h_slash,1h_backslash,1h_halfslash"
    },
    {
      "fileName": "head/faces/male/closing/light.png",
      "zPos": 101,
      "parentName": "expression",
      "name": "Closing_Eyes",
      "variant": "light",
      "supportedAnimations": "spellcast,thrust,walk,slash,shoot,hurt,watering,idle,jump,run,sit,emote,climb,combat,1h_slash,1h_backslash,1h_halfslash"
    },
    {
      "fileName": "eyes/human/adult/closing/blue.png",
      "zPos": 105,
      "parentName": "eye_color",
      "name": "Eye_Color",
      "variant": "blue",
      "supportedAnimations": "spellcast,thrust,walk,slash,shoot,hurt,watering,idle,jump,run,sit,emote,climb,combat,1h_slash,1h_backslash,1h_halfslash"
    },
    {
      "fileName": "eyes/eyebrows/thick/adult/ash.png",
      "zPos": 106,
      "parentName": "eyebrows",
      "name": "Thick_Eyebrows",
      "variant": "ash",
      "supportedAnimations": "spellcast,thrust,walk,slash,shoot,hurt,watering,idle,jump,run,sit,emote,climb,combat,1h_slash,1h_backslash,1h_halfslash"
    },
    {
      "fileName": "body/wound/eye_right.png",
      "zPos": 115,
      "parentName": "wound_eye_right",
      "name": "Right_Eye",
      "variant": "eye_right",
      "supportedAnimations": "spellcast,thrust,walk,slash,shoot,hurt,watering,idle,jump,run,sit,emote,climb,combat,1h_slash,1h_backslash,1h_halfslash"
    },
    {
      "fileName": "facial/patches/eyepatch2/right/adult/black.png",
      "zPos": 115,
      "parentName": "facial_eyes",
      "name": "Eyepatch_2_Right",
      "variant": "black",
      "supportedAnimations": "spellcast,thrust,walk,slash,shoot,hurt,watering,idle,jump,run,sit,emote,climb,combat,1h_slash,1h_backslash,1h_halfslash"
    },
    {
      "fileName": "hair/messy1/male/ash.png",
      "zPos": 120,
      "parentName": "hair",
      "name": "Messy1",
      "variant": "ash",
      "supportedAnimations": "spellcast,thrust,walk,slash,shoot,hurt,watering"
    },
    {
      "fileName": "weapon/magic/loop/universal/foreground/silver.png",
      "zPos": 140,
      "parentName": "weapon",
      "name": "Loop_staff",
      "variant": "silver",
      "supportedAnimations": "spellcast,thrust,walk,slash,shoot,hurt,watering"
    },
    {
      "fileName": "weapon/magic/loop/thrust/foreground/silver.png",
      "zPos": 150,
      "custom_animation": "thrust_oversize",
      "parentName": "weapon",
      "name": "Loop_staff",
      "variant": "silver",
      "supportedAnimations": "spellcast,thrust,walk,slash,shoot,hurt,watering"
    }
  ]
}