filename,notes,authors,licenses,urls
shadow/adult/shadow.png,"","drjamgo@hotmail.com","CC0","https://opengameart.org/content/shadow-for-lpc-sprite"
body/bodies/female/olive.png,"see details at https://opengameart.org/content/lpc-character-bases","Benjamin K. Smith (BenCreating),bluecarrot16,TheraHedwig,Evert,MuffinElZangano,Durrani,Pierre Vigier (pvigier),ElizaWy,Matthew Krohn (makrohn),Johannes Sjölund (wulax),Stephen Challener (Redshrike)","OGA-BY 3.0,CC-BY-SA 3.0,GPL 3.0","https://opengameart.org/content/liberated-pixel-cup-lpc-base-assets-sprites-map-tiles,https://opengameart.org/content/lpc-medieval-fantasy-character-sprites,https://opengameart.org/content/lpc-ladies,https://opengameart.org/content/lpc-7-womens-shirts,https://opengameart.org/content/lpc-jump-expanded,https://opengameart.org/content/lpc-be-seated,https://opengameart.org/content/lpc-revised-character-basics,https://gitlab.com/vagabondgame/lpc-characters,https://opengameart.org/content/lpc-male-jumping-animation-by-durrani,https://opengameart.org/content/lpc-runcycle-and-diagonal-walkcycle"
head/heads/human/male/olive.png,"original head by Redshrike, tweaks by BenCreating, modular version by bluecarrot16","bluecarrot16,Benjamin K. Smith (BenCreating),Stephen Challener (Redshrike)","OGA-BY 3.0,CC-BY-SA 3.0,GPL 3.0","https://opengameart.org/content/liberated-pixel-cup-lpc-base-assets-sprites-map-tiles,https://opengameart.org/content/lpc-character-bases"
head/faces/${head}/neutral/olive.png,"Original by Redshrike, Expressions by ElizaWy, mapped to all frames by JaidynReiman","JaidynReiman,ElizaWy,Stephen Challener (Redshrike)","OGA-BY 3.0","https://github.com/ElizaWy/LPC/tree/main/Characters/Head,https://opengameart.org/content/ulpc-expanded-expressions"
eyes/human/adult/${expression}/brown.png,"original by Redshrike, Expressions by ElizaWy, eyes split from expressions and mapped to all frames by JaidynReiman","JaidynReiman,ElizaWy,Stephen Challener (Redshrike)","OGA-BY 3.0,CC-BY-SA 3.0,GPL 3.0","https://opengameart.org/content/liberated-pixel-cup-lpc-base-assets-sprites-map-tiles,https://opengameart.org/content/lpc-medieval-fantasy-character-sprites"
eyes/eyebrows/thin/adult/dark_brown.png,"","ElizaWy","OGA-BY 3.0","https://github.com/ElizaWy/LPC/tree/main/Characters/Hair,https://opengameart.org/content/lpc-expanded-sit-run-jump-more"
hair/braid/female/ginger.png,"","Nila122,ElizaWy","OGA-BY 3.0,CC-BY-SA 3.0,GPL 3.0,GPL 2.0","https://opengameart.org/content/3-hairs-for-lpc,https://opengameart.org/content/lpc-hair"
arms/armour/plate/female/silver.png,"original by wulax, adapted to female by makrohn, recolors by bigbeargames; adapted to v3 bases and further recolors by bluecarrot16","Michael Whitlock (bigbeargames),Matthew Krohn (makrohn),Johannes Sjölund (wulax)","OGA-BY 3.0,CC-BY-SA 3.0,GPL 3.0","https://opengameart.org/content/lpc-medieval-fantasy-character-sprites,https://opengameart.org/content/lpc-combat-armor-for-women,http://opengameart.org/content/lpc-clothing-updates"
torso/chainmail/female/gray.png,"minor edits by bluecarrot16","Johannes Sjölund (wulax)","OGA-BY 3.0,CC-BY-SA 3.0,GPL 3.0","https://opengameart.org/content/lpc-medieval-fantasy-character-sprites"
cape/solid/female/red.png,"","bluecarrot16,JaidynReiman","OGA-BY 3.0,CC-BY-SA 3.0,GPL 3.0","https://opengameart.org/content/lpc-curly-hair-elven-ears-white-cape-with-blue-trim-and-more,https://opengameart.org/content/lpc-roman-armor,http://opengameart.org/content/lpc-clothing-updates"
cape/solid_behind/red.png,"","Nila122,JaidynReiman","OGA-BY 3.0,CC-BY-SA 3.0,GPL 3.0","https://opengameart.org/content/lpc-curly-hair-elven-ears-white-cape-with-blue-trim-and-more,https://opengameart.org/content/lpc-roman-armor"
legs/skirts/legion/female/brown.png,"original by Nila122 to legion, adapted to v3 bases by bluecarrot16","bluecarrot16,Nila122","OGA-BY 3.0,CC-BY-SA 3.0,GPL 2.0,GPL 3.0","https://opengameart.org/content/lpc-roman-armor,http://opengameart.org/content/lpc-clothing-updates"
feet/boots/fold/thin/black.png,"","JaidynReiman","OGA-BY 3.0+,CC-BY 3.0+,GPL 3.0","https://opengameart.org/content/lpc-kimono-relm,https://opengameart.org/content/lpc-expanded-socks-shoes"
weapon/sword/longsword/longsword.png,"","Johannes Sjölund (wulax),bluecarrot16","OGA-BY 3.0,CC-BY-SA 3.0","https://opengameart.org/content/lpc-medieval-fantasy-character-sprites,https://opengameart.org/content/lpc-extended-weapon-animations"
weapon/sword/longsword/universal_behind/longsword.png,"","Johannes Sjölund (wulax),bluecarrot16","OGA-BY 3.0,CC-BY-SA 3.0","https://opengameart.org/content/lpc-medieval-fantasy-character-sprites,https://opengameart.org/content/lpc-extended-weapon-animations"
weapon/sword/longsword/attack_slash/behind/longsword.png,"","Johannes Sjölund (wulax),bluecarrot16","OGA-BY 3.0,CC-BY-SA 3.0","https://opengameart.org/content/lpc-medieval-fantasy-character-sprites,https://opengameart.org/content/lpc-extended-weapon-animations"
weapon/sword/longsword/attack_slash/longsword.png,"","Johannes Sjölund (wulax),bluecarrot16","OGA-BY 3.0,CC-BY-SA 3.0","https://opengameart.org/content/lpc-medieval-fantasy-character-sprites,https://opengameart.org/content/lpc-extended-weapon-animations"
weapon/sword/longsword/attack_slash_reverse/behind/longsword.png,"","Johannes Sjölund (wulax),bluecarrot16","OGA-BY 3.0,CC-BY-SA 3.0","https://opengameart.org/content/lpc-medieval-fantasy-character-sprites,https://opengameart.org/content/lpc-extended-weapon-animations"
weapon/sword/longsword/attack_slash_reverse/longsword.png,"","Johannes Sjölund (wulax),bluecarrot16","OGA-BY 3.0,CC-BY-SA 3.0","https://opengameart.org/content/lpc-medieval-fantasy-character-sprites,https://opengameart.org/content/lpc-extended-weapon-animations"
weapon/sword/longsword/attack_thrust/behind/longsword.png,"","Johannes Sjölund (wulax),bluecarrot16","OGA-BY 3.0,CC-BY-SA 3.0","https://opengameart.org/content/lpc-medieval-fantasy-character-sprites,https://opengameart.org/content/lpc-extended-weapon-animations"
weapon/sword/longsword/attack_thrust/longsword.png,"","Johannes Sjölund (wulax),bluecarrot16","OGA-BY 3.0,CC-BY-SA 3.0","https://opengameart.org/content/lpc-medieval-fantasy-character-sprites,https://opengameart.org/content/lpc-extended-weapon-animations"
