filename,notes,authors,licenses,urls
shadow/adult/shadow.png,"","drjamgo@hotmail.com","CC0","https://opengameart.org/content/shadow-for-lpc-sprite"
body/bodies/muscular/fur_grey.png,"see details at https://opengameart.org/content/lpc-character-bases","bluecarrot16,JaidynReiman,Evert,TheraHedwig,MuffinElZangano,Durrani,Sander Frenken (castelonia),Benjamin K. Smith (BenCreating),Eliza Wyatt (ElizaWy),dalonedrau,Stephen Challener (Redshrike)","CC-BY-SA 3.0,GPL 3.0","https://opengameart.org/content/liberated-pixel-cup-lpc-base-assets-sprites-map-tiles,https://opengameart.org/content/lpc-barbarian-sprite-base,https://opengameart.org/content/lpc-muscular-swing-animation,https://opengameart.org/content/lpc-muscular-hurt-animation,https://opengameart.org/content/lpc-jump-expanded,https://opengameart.org/content/lpc-revised-character-basics,https://opengameart.org/content/lpc-be-seated,https://opengameart.org/content/lpc-jump-expanded,https://opengameart.org/content/lpc-character-bases,https://opengameart.org/content/lpc-male-jumping-animation-by-durrani"
body/wings/bat/adult/fg/fur_grey.png,"Original by ElizaWy, added to most remaining frames by JaidynReiman","ElizaWy,JaidynReiman","OGA-BY 3.0","https://opengameart.org/content/lpc-wings-new-animations"
body/wings/bat/adult/bg/fur_grey.png,"Original by ElizaWy, added to most remaining frames by JaidynReiman","ElizaWy,JaidynReiman","OGA-BY 3.0","https://opengameart.org/content/lpc-wings-new-animations"
body/tail/lizard/adult/fg/fur_grey.png,"edited for v3 bases and recolored by bluecarrot16, additional animations added by JaidynReiman","Nila122,bluecarrot16,JaidynReiman","OGA-BY 3.0,CC-BY-SA 3.0,GPL 3.0","https://opengameart.org/content/drakes-and-lizardfolk"
body/tail/lizard/adult/bg/fur_grey.png,"edited for v3 bases and recolored by bluecarrot16, additional animations added by JaidynReiman","Nila122,bluecarrot16,JaidynReiman","OGA-BY 3.0,CC-BY-SA 3.0,GPL 3.0","https://opengameart.org/content/drakes-and-lizardfolk"
head/heads/boarman/adult/fur_grey.png,"pig by daneeklu adapted to boarman by BenCreating, placed to v3 bases by bluecarrot16","Benjamin K. Smith (BenCreating),Daniel Eddeland (daneeklu)","CC-BY 3.0,GPL 2.0","https://opengameart.org/content/lpc-style-farm-animals,https://opengameart.org/content/lpc-wild-boar,https://opengameart.org/content/lpc-boarman"
head/faces/${head}/closing/fur_grey.png,"Original by Redshrike, Expressions by ElizaWy, mapped to all frames by JaidynReiman","JaidynReiman,ElizaWy,Stephen Challener (Redshrike)","OGA-BY 3.0","https://github.com/ElizaWy/LPC/tree/main/Characters/Head,https://opengameart.org/content/ulpc-expanded-expressions"
eyes/human/adult/${expression}/gray.png,"original by Redshrike, Expressions by ElizaWy, eyes split from expressions and mapped to all frames by JaidynReiman","JaidynReiman,ElizaWy,Stephen Challener (Redshrike)","OGA-BY 3.0,CC-BY-SA 3.0,GPL 3.0","https://opengameart.org/content/liberated-pixel-cup-lpc-base-assets-sprites-map-tiles,https://opengameart.org/content/lpc-medieval-fantasy-character-sprites"
head/ears/dragon/adult/fur_grey.png,"","JaidynReiman","OGA-BY 3.0+,CC-BY 3.0+,GPL 3.0","https://opengameart.org/content/lpc-new-elven-ear-variants"
head/horns/curled/adult/fur_grey.png,"","Nila122","OGA-BY 3.0,GPL 3.0,CC-BY-SA 3.0","https://opengameart.org/content/lpc-lizard-headgear"
