filename,notes,authors,licenses,urls
shadow/adult/shadow.png,"","drjamgo@hotmail.com","CC0","https://opengameart.org/content/shadow-for-lpc-sprite"
body/bodies/teen/fur_white.png,"see details at https://opengameart.org/content/lpc-character-bases; 'Thick' Male Revised Run/Climb by JaidynReiman (based on ElizaWy's LPC Revised)","bluecarrot16,Evert,TheraHedwig,Benjamin K. Smith (BenCreating),MuffinElZangano,Durrani,Pierre Vigier (pvigier),Eliza Wyatt (ElizaWy),Matthew Krohn (makrohn),Johannes Sjölund (wulax),Stephen Challener (Redshrike)","OGA-BY 3.0,CC-BY-SA 3.0,GPL 3.0","https://opengameart.org/content/liberated-pixel-cup-lpc-base-assets-sprites-map-tiles,https://opengameart.org/content/lpc-medieval-fantasy-character-sprites,https://opengameart.org/content/lpc-ladies,https://opengameart.org/content/lpc-teen-unisex-base-clothes,https://opengameart.org/content/lpc-jump-expanded,https://opengameart.org/content/lpc-revised-character-basics,https://opengameart.org/content/lpc-be-seated,https://gitlab.com/vagabondgame/lpc-characters,https://opengameart.org/content/lpc-male-jumping-animation-by-durrani,https://opengameart.org/content/lpc-jump-expanded"
head/heads/human/male_gaunt/fur_white.png,"original head by Redshrike, gaunt version by bluecarrot16","Stephen Challener (Redshrike),bluecarrot16","OGA-BY 3.0,CC-BY-SA 3.0,GPL 3.0","https://opengameart.org/content/liberated-pixel-cup-lpc-base-assets-sprites-map-tiles,https://opengameart.org/content/lpc-folk"
hat/helmet/xeon/adult/silver.png,"","Stephen Challener (Redshrike)","OGA-BY 3.0","https://opengameart.org/content/four-characters-my-lpc-entries,https://opengameart.org/content/lpc-expanded-hats-facial-helmets"
arms/gloves/female/silver.png,"metal gloves by wulax, extended to female base by makrohn, recolors by bigbeargames, adapted to v3 bases by bluecarrot16, added to expanded animations by JaidynReiman","Michael Whitlock (bigbeargames),Matthew Krohn (makrohn),Johannes Sjölund (wulax),bluecarrot16","OGA-BY 3.0,CC-BY-SA 3.0,GPL 3.0","https://opengameart.org/content/lpc-medieval-fantasy-character-sprites,http://opengameart.org/content/lpc-clothing-updates"
torso/armour/legion/teen/silver.png,"adapted to v3 bases by bluecarrot16, jump/run/sit/combat and teen by Jaidynreiman","JaidynReiman,bluecarrot16,Nila122","OGA-BY 3.0,CC-BY-SA 3.0,GPL 2.0,GPL 3.0","https://opengameart.org/content/lpc-roman-armor"
legs/armour/plate/thin/steel.png,"reduced to 7 colors an adapted to v3 bases by bluecarrot16, climb/jump/sit/emotes by JaidynReiman","bluecarrot16,JaidynReiman,Michael Whitlock (bigbeargames),Matthew Krohn (makrohn),Johannes Sjölund (wulax)","OGA-BY 3.0,CC-BY-SA 3.0,GPL 3.0","https://opengameart.org/content/lpc-medieval-fantasy-character-sprites"
feet/armour/plate/female/steel.png,"original by wulax, edited for female base by makrohn, recolors by bigbeargames, edits for v3 base and recolors by bluecarrot16","Matthew Krohn (makrohn),Johannes Sjölund (wulax)","OGA-BY 3.0,CC-BY-SA 3.0,GPL 3.0","https://opengameart.org/content/lpc-medieval-fantasy-character-sprites"
